"2023-11-18 00:00:00",36625.0,36850.0,36222.0,36586.1,1154.66,36586.1,,,,,0.0,0.0
"2023-11-19 00:00:00",36586.1,37531.9,36416.4,37373.9,1751.85,36593.94,,,,,62.84,12.57
"2023-11-20 00:00:00",37383.9,37777.0,36715.0,37480.5,4171.72,36602.76,,,,,119.87,34.03
"2023-11-21 00:00:00",37480.5,37655.8,35777.1,35777.1,6261.51,36594.54,,,,,27.3,32.68
"2023-11-22 00:00:00",35777.1,37848.0,35645.0,37428.1,6119.79,36602.84,,,,,86.16,43.38
"2023-11-23 00:00:00",37428.1,37624.0,36874.7,37300.9,2749.31,36609.78,,,,,121.15,58.93
"2023-11-24 00:00:00",37300.9,38432.9,37277.2,37710.4,4254.02,36620.74,,,,,179.85,83.12
"2023-11-25 00:00:00",37716.2,37900.0,37614.0,37800.2,1204.6,36632.47,,,,,230.95,112.68
"2023-11-26 00:00:00",37800.2,37810.0,37151.1,37469.9,1333.54,36640.8,,,,,242.01,138.55
"2023-11-27 00:00:00",37469.9,37565.6,36720.0,37254.1,2144.82,36646.91,,,,,230.7,156.98
"2023-11-28 00:00:00",37254.1,38390.7,36901.0,37832.7,3571.38,36658.71,,,,,265.37,178.66
"2023-11-29 00:00:00",37832.7,38419.0,37604.9,37870.0,2377.64,36670.76,,,,,292.48,201.42
"2023-11-30 00:00:00",37870.0,38148.9,37501.0,37717.7,1732.08,36681.18,,,,,298.24,220.79
"2023-12-01 00:00:00",37719.0,38924.4,37629.7,38690.0,3704.47,36701.16,,,64.69,1059.22,376.92,252.01
"2023-12-02 00:00:00",38690.0,39700.0,38657.1,39477.1,1964.86,36728.79,,,68.18,1088.86,497.05,301.02
"2023-12-03 00:00:00",39477.1,40117.2,39299.0,39975.1,2138.77,36761.09,,,66.98,1067.62,625.23,365.86
"2023-12-04 00:00:00",39975.1,42415.5,39476.0,41984.7,7454.6,36813.06,,,73.55,1201.73,878.85,468.46
"2023-12-05 00:00:00",41983.0,44465.0,41427.1,44080.8,5566.77,36885.38,,,91.71,1284.53,1234.74,621.72
"2023-12-06 00:00:00",44080.8,44277.2,43335.5,43761.7,3558.31,36953.8,,,86.73,1194.44,1474.05,792.18
"2023-12-07 00:00:00",43761.7,44041.4,42885.0,43291.7,2649.07,37016.86,38843.13,,83.41,1223.51,1607.25,955.2
"2023-12-08 00:00:00",43288.1,44699.0,43120.1,44179.5,3595.64,37088.13,39222.81,,84.25,1253.74,1764.12,1116.98
"2023-12-09 00:00:00",44179.6,44368.9,43606.0,43709.6,1720.16,37154.02,39539.59,,80.08,1287.81,1829.43,1259.47
"2023-12-10 00:00:00",43709.7,44040.1,43587.6,43788.0,1376.79,37220.03,39854.96,,83.0,1273.06,1866.01,1380.78
"2023-12-11 00:00:00",43788.0,43808.4,39999.0,41236.8,6918.91,37260.0,40127.95,,66.72,1484.76,1669.88,1438.6
"2023-12-12 00:00:00",41236.9,42300.0,40662.4,41469.9,3827.46,37301.89,40330.04,,65.73,1495.33,1515.79,1454.04
"2023-12-13 00:00:00",41470.0,43421.5,40606.6,42889.1,3664.05,37357.48,40609.45,,69.39,1638.24,1491.0,1461.43
"2023-12-14 00:00:00",42889.1,43380.1,41359.0,43016.1,3403.66,37413.79,40874.74,,70.51,1736.33,1464.72,1462.09
"2023-12-15 00:00:00",43016.1,43090.9,41697.5,41943.3,2421.86,37458.86,41081.89,,62.49,1743.38,1341.86,1438.04
"2023-12-16 00:00:00",41943.3,42664.2,41648.8,42231.5,1484.47,37506.34,41319.97,,61.0,1741.41,1253.29,1401.09
"2023-12-17 00:00:00",42231.5,42350.0,41238.0,41344.3,2873.79,37544.53,41524.48,,55.3,1762.4,1098.85,1340.64
"2023-12-18 00:00:00",41344.4,42709.4,40515.9,42646.1,3401.34,37595.29,41765.15,,52.71,1709.11,1069.17,1286.35
"2023-12-19 00:00:00",42644.7,43422.7,41820.0,42267.0,3052.47,37641.78,41985.0,,41.35,1606.6,1003.5,1229.78
"2023-12-20 00:00:00",42267.1,44300.0,42231.2,43630.0,4004.57,37701.36,42280.62,,49.43,1687.11,1049.33,1193.69
"2023-12-21 00:00:00",43630.0,44236.9,43329.6,43869.3,2615.35,37762.74,42539.58,,52.56,1669.31,1092.38,1173.43
"2023-12-22 00:00:00",43869.4,44429.4,43450.1,43997.0,2630.84,37824.77,42765.57,,49.13,1626.49,1123.84,1163.51
"2023-12-23 00:00:00",43997.0,43999.0,43314.0,43750.1,1140.86,37883.73,42954.32,,50.2,1620.92,1115.99,1154.01
"2023-12-24 00:00:00",43750.1,43933.1,42680.0,43014.9,2343.63,37934.78,43005.83,,46.48,1678.11,1038.47,1130.9
"2023-12-25 00:00:00",43014.9,43777.9,42765.0,43604.1,1746.95,37991.19,42982.0,,63.14,1478.36,1012.9,1107.3
"2023-12-26 00:00:00",43604.1,43604.1,41637.1,42519.1,3180.64,38036.25,42919.87,,55.32,1501.89,894.77,1064.79
"2023-12-27 00:00:00",42519.1,43650.0,42150.2,43468.1,2143.68,38090.3,42928.69,,53.08,1407.95,867.73,1025.38
"2023-12-28 00:00:00",43467.2,43792.3,42307.2,42616.4,2766.35,38135.33,42850.54,,48.02,1369.66,768.71,974.05
"2023-12-29 00:00:00",42616.4,43135.8,41300.6,42097.9,2612.45,38174.76,42769.95,,50.81,1401.22,641.01,907.44
"2023-12-30 00:00:00",42097.9,42577.2,41551.8,42150.0,1306.55,38214.32,42688.05,,49.56,1401.94,537.81,833.51
"2023-12-31 00:00:00",42150.1,42874.4,41991.1,42241.1,1509.62,38254.38,42738.26,,55.26,1385.6,458.1,758.43
"2024-01-01 00:00:00",42241.1,44187.5,42215.7,44180.8,2457.3,38313.35,42873.81,,58.37,1369.76,545.16,715.78
"2024-01-02 00:00:00",44180.8,45913.4,44113.2,44972.0,6462.55,38379.61,42977.96,,64.12,1383.87,670.27,706.67
"2024-01-03 00:00:00",44975.4,45509.3,39501.0,42849.5,7003.56,38424.08,42969.63,,46.23,1665.26,591.33,683.61
"2024-01-04 00:00:00",42849.5,44784.9,42682.0,44211.9,3461.21,38481.67,43083.06,,51.49,1750.66,631.43,673.17
"2024-01-05 00:00:00",44210.0,44365.0,42480.0,44179.9,3371.05,38538.37,43180.47,,50.8,1815.36,653.1,669.16
"2024-01-06 00:00:00",44179.9,44241.8,43451.0,43960.0,990.42,38592.32,43311.26,41377.92,50.93,1822.91,645.1,664.35
"2024-01-07 00:00:00",43960.0,44483.9,43648.1,43915.9,1547.8,38645.29,43374.75,41524.52,54.23,1793.11,627.95,657.07
"2024-01-08 00:00:00",43915.9,47306.6,43208.5,46989.4,6838.67,38728.32,43610.87,41716.83,62.89,2013.48,852.54,696.16
"2024-01-09 00:00:00",46989.5,47988.0,44500.0,46128.7,8483.35,38801.95,43735.81,41889.79,63.98,2122.12,950.13,746.96
"2024-01-10 00:00:00",46128.7,47699.6,44331.8,46664.8,8288.08,38880.19,43875.58,42107.54,62.79,2255.55,1058.53,809.27
"2024-01-11 00:00:00",46678.1,49000.0,45619.1,46350.4,7397.11,38954.52,43993.25,42285.99,65.61,2390.96,1106.31,868.68
"2024-01-12 00:00:00",46350.4,46500.0,41476.0,42800.1,9423.72,38992.78,43945.75,42395.97,52.34,2618.74,847.92,864.53
"2024-01-13 00:00:00",42800.1,43230.0,42459.8,42827.9,1718.42,39030.94,43936.4,42498.32,52.26,2600.51,638.04,819.23
"2024-01-14 00:00:00",42827.9,43055.0,41717.0,41719.1,2802.78,39057.69,43842.15,42576.7,48.37,2632.99,377.88,730.96
"2024-01-15 00:00:00",41717.1,43318.0,41700.0,42506.4,2405.09,39092.01,43841.51,42677.43,44.36,2607.71,232.54,631.28
"2024-01-16 00:00:00",42499.3,43568.3,42042.1,43134.7,2360.5,39132.23,43824.85,42795.04,43.74,2588.14,166.15,538.25
"2024-01-17 00:00:00",43134.7,43165.0,42190.2,42747.8,2079.16,39168.21,43831.41,42893.35,49.61,2228.61,81.37,446.88
"2024-01-18 00:00:00",42746.1,42877.0,40625.0,41264.7,3426.98,39189.07,43789.75,42961.24,38.71,2239.26,-104.28,336.64
"2024-01-19 00:00:00",41264.8,42140.3,40255.0,41611.9,3578.28,39213.18,43762.85,43039.12,40.4,2239.28,-220.85,225.14
"2024-01-20 00:00:00",41611.9,41800.0,40000.0,41650.0,827.75,39237.43,43733.29,43098.32,41.24,2311.36,-306.63,118.79
"2024-01-21 00:00:00",41649.9,42260.0,41482.8,41554.7,892.76,39260.48,43601.99,43139.88,41.08,2307.18,-377.94,19.44
"2024-01-22 00:00:00",41554.8,41654.2,39410.9,39510.0,4093.73,39262.97,43328.89,43130.57,19.37,2174.69,-592.61,-102.97
"2024-01-23 00:00:00",39510.0,40100.0,38518.0,39844.0,3365.92,39268.75,43178.62,43087.76,23.1,2038.55,-727.41,-227.86
"2024-01-24 00:00:00",39844.0,40492.3,39451.1,40069.8,2453.94,39276.72,42971.51,43007.54,21.0,1872.36,-806.71,-343.63
"2024-01-25 00:00:00",40069.8,40261.7,39556.2,39924.8,1465.25,39283.17,42758.75,42930.8,21.32,1681.26,-871.22,-449.15
"2024-01-26 00:00:00",39924.8,42213.6,39810.4,41814.2,3399.17,39308.35,42651.47,42901.25,44.83,1494.06,-761.11,-511.54
"2024-01-27 00:00:00",41814.3,42194.3,41399.9,42126.3,1297.45,39336.39,42561.99,42860.19,46.43,1495.79,-641.27,-537.49
"2024-01-28 00:00:00",42126.3,42800.0,41651.2,42024.9,1693.01,39363.14,42313.76,42826.49,51.73,1482.28,-548.16,-539.62
"2024-01-29 00:00:00",42025.0,43333.0,41817.8,43269.5,1946.95,39402.01,42170.8,42816.12,54.11,1474.94,-369.68,-505.63
"2024-01-30 00:00:00",43272.7,43857.2,42716.0,42956.0,2446.94,39437.37,41985.36,42850.51,49.0,1447.44,-250.64,-454.64
"2024-01-31 00:00:00",42956.0,43742.3,42300.1,42551.7,2838.35,39468.36,41795.43,42872.14,48.91,1480.82,-186.77,-401.06
"2024-02-01 00:00:00",42551.7,43250.0,41882.5,43075.2,2669.02,39504.25,41809.18,42875.87,61.29,1417.64,-92.85,-339.42
"2024-02-02 00:00:00",43075.3,43431.5,42546.6,43185.9,2184.38,39540.88,41827.08,42879.26,60.11,1346.19,-9.37,-273.41
"2024-02-03 00:00:00",43185.9,43345.2,42900.1,42982.8,526.16,39575.13,41890.26,42900.05,58.39,1249.41,39.94,-210.74
"2024-02-04 00:00:00",42982.8,43091.1,42232.8,42591.4,629.56,39605.14,41894.51,42907.25,56.29,1255.2,46.9,-159.21
"2024-02-05 00:00:00",42591.3,43489.0,42250.9,42650.0,1582.96,39635.44,41870.28,42933.36,75.09,1183.4,56.49,-116.07
"2024-02-06 00:00:00",42650.0,43339.7,42530.3,43085.0,1340.6,39669.77,41887.14,42942.14,75.49,1128.21,98.06,-73.25
"2024-02-07 00:00:00",43085.0,44362.0,42763.7,44333.6,3765.69,39716.17,42040.58,42983.47,78.88,1168.01,229.11,-12.77
"2024-02-08 00:00:00",44333.7,45606.2,44333.7,45329.6,3551.72,39772.03,42226.47,43017.47,82.83,1208.51,408.63,71.51
"2024-02-09 00:00:00",45329.6,48188.5,45258.8,47127.0,5688.47,39845.21,42500.32,43082.62,82.63,1246.12,688.01,194.81
"2024-02-10 00:00:00",47127.1,48154.0,46900.0,47773.2,1605.66,39924.1,42811.25,43158.14,83.32,1278.95,950.6,345.97
"2024-02-11 00:00:00",47766.2,48590.0,47580.9,48295.0,1781.36,40007.39,43250.5,43249.04,85.25,1268.97,1187.13,514.2
"2024-02-12 00:00:00",48295.0,50339.5,47642.0,49943.7,5147.57,40106.26,43755.48,43387.62,85.89,1353.42,1490.43,709.45
"2024-02-13 00:00:00",49943.7,50390.2,48240.0,49755.4,3982.47,40202.27,44239.76,43510.64,87.06,1425.49,1696.06,906.77
"2024-02-14 00:00:00",49750.1,52136.8,49255.2,51835.1,4718.31,40318.02,44835.28,43696.96,92.78,1528.31,2003.73,1126.16
"2024-02-15 00:00:00",51835.2,52843.0,51335.2,51947.1,4193.47,40433.73,45341.92,43866.54,92.5,1538.33,2230.89,1347.11
"2024-02-16 00:00:00",51947.1,52574.2,51625.0,52185.3,2064.58,40550.66,45844.87,44057.92,92.59,1542.92,2402.44,1558.17
"2024-02-17 00:00:00",52185.3,52192.0,50581.2,51700.0,2108.89,40661.6,46328.63,44249.96,90.18,1626.19,2470.76,1740.69
"2024-02-18 00:00:00",51700.1,52392.1,51231.1,52156.3,1645.27,40775.98,46772.97,44450.09,93.83,1647.81,2532.52,1899.06
"2024-02-19 00:00:00",52157.1,52475.6,51704.8,51771.1,1628.63,40885.38,47213.72,44640.69,90.58,1614.43,2521.32,2023.51
"2024-02-20 00:00:00",51771.2,52991.8,50663.7,52270.1,4612.93,40998.66,47699.64,44802.48,90.63,1722.91,2523.62,2123.53
"2024-02-21 00:00:00",52270.1,52359.9,50636.4,51866.9,2178.54,41106.8,48139.22,44940.37,86.02,1731.85,2464.5,2191.73
"2024-02-22 00:00:00",51866.9,52035.0,50890.2,51300.1,1926.74,41208.23,48544.93,45109.39,79.77,1722.72,2344.88,2222.36
"2024-02-23 00:00:00",51300.1,51472.4,50456.0,50739.4,1510.22,41303.07,48932.76,45239.94,70.55,1586.06,2179.71,2213.83
"2024-02-24 00:00:00",50739.4,51650.0,50589.7,51554.5,942.0,41405.07,49380.92,45387.43,71.1,1572.22,2090.49,2189.16
"2024-02-25 00:00:00",51554.5,51936.7,51300.0,51733.8,1220.62,41507.84,49835.11,45542.9,69.95,1545.62,2011.06,2153.54
"2024-02-26 00:00:00",51733.8,54920.0,50950.0,54525.4,5241.14,41637.37,50407.13,45755.09,73.47,1636.51,2148.61,2152.56
"2024-02-27 00:00:00",54525.4,57572.6,54478.8,57072.6,5285.87,41790.96,51044.08,45956.76,80.19,1703.91,2435.08,2209.06
"2024-02-28 00:00:00",57066.2,64015.8,56000.4,62487.8,10911.29,41996.89,51901.99,46283.94,84.46,2070.61,3063.76,2380.0
"2024-02-29 00:00:00",62489.8,63583.5,60108.8,61180.9,6805.48,42187.78,52604.68,46574.26,77.73,2211.11,3417.14,2587.43
"2024-03-01 00:00:00",61180.9,63150.0,60800.1,62434.3,3522.13,42389.24,53337.74,46895.94,79.01,2311.16,3755.06,2820.96
"2024-03-02 00:00:00",62434.3,62500.0,61663.3,62033.7,2212.56,42584.71,54024.68,47280.61,79.39,2255.86,3945.05,3045.77
"2024-03-03 00:00:00",62028.6,63255.0,61400.0,63178.2,1592.02,42789.62,54686.4,47687.62,80.17,2305.44,4140.25,3264.67
"2024-03-04 00:00:00",63178.3,68521.0,62262.0,68323.1,6106.31,43043.68,55614.78,48219.7,85.94,2697.45,4656.42,3543.02
"2024-03-05 00:00:00",68338.6,69218.0,59150.0,63802.3,10647.22,43250.23,56213.14,48645.62,71.32,3250.3,4647.13,3763.84
"2024-03-06 00:00:00",63805.2,67635.3,62876.6,66098.9,4896.52,43477.58,56920.74,49104.9,74.59,3467.1,4770.1,3965.09
"2024-03-07 00:00:00",66098.9,68050.0,65668.0,66936.5,3147.25,43711.01,57658.29,49588.67,76.76,3555.47,4878.9,4147.86
"2024-03-08 00:00:00",66936.7,70000.0,65200.0,68333.0,4438.3,43956.0,58489.94,50130.04,79.27,3825.73,5019.94,4322.27
"2024-03-09 00:00:00",68333.0,68657.4,68047.8,68459.1,965.0,44199.81,59305.08,50666.98,78.79,3793.54,5083.3,4474.48
"2024-03-10 00:00:00",68459.1,69981.0,68254.9,69040.1,2360.96,44446.98,60168.54,51214.79,79.07,3871.35,5121.35,4603.85
"2024-03-11 00:00:00",69040.1,72866.4,67187.3,72100.0,5547.02,44722.13,61160.03,51825.69,79.26,3993.43,5336.9,4750.46
"2024-03-12 00:00:00",72100.1,73000.0,68660.2,71484.7,3980.19,44988.43,62140.92,52465.19,75.64,4082.43,5395.87,4879.54
"2024-03-13 00:00:00",71480.8,73666.5,71336.1,73082.4,2818.47,45267.97,63230.03,53129.95,71.82,3676.36,5508.04,5005.24
"2024-03-14 00:00:00",73089.7,73734.0,68554.9,71371.2,4983.78,45527.7,64261.63,53755.98,70.64,3798.1,5396.64,5083.52
"2024-03-15 00:00:00",71371.3,72500.0,65600.0,69488.8,5903.82,45766.12,65158.34,54347.26,63.93,4123.11,5097.7,5086.36
"2024-03-16 00:00:00",69488.9,69999.0,64802.6,65249.6,2550.19,45959.99,65834.13,54815.97,55.52,4434.51,4467.22,4962.53
"2024-03-17 00:00:00",65249.6,68815.6,64555.0,68355.6,2581.9,46182.83,66525.64,55340.56,58.32,4606.34,4170.12,4804.05
"2024-03-18 00:00:00",68355.6,68898.3,66569.4,67600.0,2892.32,46395.94,67052.01,55852.06,48.65,4325.62,3829.56,4609.15
"2024-03-19 00:00:00",67600.0,68075.0,61537.5,61908.4,6851.43,46550.29,67023.04,56224.84,46.61,4073.44,3065.06,4300.33
"2024-03-20 00:00:00",61905.3,68137.3,60778.2,67866.0,6500.53,46762.39,67357.3,56723.04,52.8,4259.19,2906.41,4021.55
"2024-03-21 00:00:00",67866.1,68238.0,64564.4,65499.9,2710.18,46948.83,67510.57,57182.0,47.83,4351.44,2560.24,3729.29
"2024-03-22 00:00:00",65500.0,66614.8,62204.1,63810.1,2845.95,47116.6,67599.4,57596.7,43.23,4323.64,2125.06,3408.44
"2024-03-23 00:00:00",63810.0,65970.0,63050.4,64034.5,1933.65,47284.94,67642.21,58013.67,43.39,4488.64,1777.78,3082.31
"2024-03-24 00:00:00",64034.4,67614.8,63825.0,67193.9,1806.61,47483.04,67585.75,58497.89,47.44,4636.04,1737.47,2813.34
"2024-03-25 00:00:00",67199.1,71217.1,66438.4,69950.0,4434.31,47706.59,67893.13,59045.06,46.99,4571.73,1905.95,2631.86
"2024-03-26 00:00:00",69950.1,71557.7,69116.8,70000.1,2600.33,47928.42,68088.2,59592.07,47.89,4436.09,2020.22,2509.53
"2024-03-27 00:00:00",70000.1,71746.9,68366.5,69437.3,3899.0,48142.44,68213.24,60119.11,44.66,4511.09,2041.84,2416.0
"2024-03-28 00:00:00",69437.2,71546.3,68800.0,70742.2,3156.07,48367.31,68333.7,60647.28,49.07,4337.32,2139.6,2360.72
"2024-03-29 00:00:00",70742.2,70911.4,69128.7,69917.1,1885.11,48581.73,68406.6,61139.03,50.66,3971.8,2125.99,2313.77
"2024-03-30 00:00:00",69917.0,70354.4,69607.6,69652.0,669.43,48791.39,68437.19,61589.53,57.67,3653.97,2069.95,2265.0
"2024-03-31 00:00:00",69652.0,71323.9,69600.0,71306.8,1097.39,49015.42,68397.53,62060.21,55.41,3472.78,2134.46,2238.9
"2024-04-01 00:00:00",71306.7,71306.8,68101.0,69681.1,2039.09,49221.05,68307.35,62487.93,53.7,3535.41,2030.99,2197.32
"2024-04-02 00:00:00",69681.1,69699.9,64572.7,65457.6,3892.19,49382.61,67926.11,62798.21,56.66,3434.68,1589.87,2075.83
"2024-04-03 00:00:00",65457.6,66902.0,64541.2,65991.5,1507.14,49547.87,67657.13,63122.93,45.59,3077.66,1268.73,1914.41
"2024-04-04 00:00:00",65991.4,69354.7,65116.1,68527.4,2782.23,49736.72,67609.06,63456.77,57.07,3118.01,1204.96,1772.52
"2024-04-05 00:00:00",68527.4,68755.0,66004.5,67856.5,3264.19,49917.02,67739.4,63774.96,59.92,2999.43,1087.75,1635.56
"2024-04-06 00:00:00",67856.5,69693.1,67513.7,68908.6,1622.38,50105.99,67767.05,64109.43,61.48,2946.56,1067.45,1521.94
"2024-04-07 00:00:00",68908.6,70300.0,68888.0,69386.1,1592.35,50297.83,67856.35,64463.15,55.91,2776.71,1077.47,1433.05
"2024-04-08 00:00:00",69386.0,72731.5,69114.5,71650.0,3524.06,50510.29,68343.43,64853.02,54.71,2693.74,1253.64,1397.16
"2024-04-09 00:00:00",71650.1,71738.0,68263.2,69159.9,3982.99,50695.86,68408.13,65200.8,47.95,2767.59,1178.73,1353.48
"2024-04-10 00:00:00",69159.9,71100.1,67500.0,70612.2,2906.13,50894.03,68663.75,65567.64,52.75,2783.28,1222.47,1327.28
"2024-04-11 00:00:00",70612.3,71250.9,69600.1,70046.4,1971.12,51084.6,68975.56,65931.23,48.31,2705.03,1197.67,1301.35
"2024-04-12 00:00:00",70046.4,71200.0,65118.0,67205.2,5854.23,51245.01,69134.1,66249.33,44.01,3012.12,937.94,1228.67
"2024-04-13 00:00:00",67199.8,67946.1,60495.0,64042.4,5688.4,51372.34,68976.52,66515.39,39.02,3491.0,471.46,1077.23
"2024-04-14 00:00:00",64018.6,65835.1,62665.7,65700.0,2418.69,51514.91,68764.02,66798.3,39.03,3594.25,232.84,908.35
"2024-04-15 00:00:00",65700.0,66898.7,62355.9,63408.4,3187.67,51633.25,68434.43,67031.8,38.04,3689.75,-139.57,698.77
"2024-04-16 00:00:00",63441.8,64341.9,61551.0,63832.6,3089.17,51754.64,68154.2,67217.94,46.38,3522.87,-395.92,479.83
"2024-04-17 00:00:00",63832.6,64444.0,59700.0,61284.4,3856.04,51849.46,67681.31,67302.18,40.37,3693.1,-795.52,224.76
"2024-04-18 00:00:00",61284.4,64142.7,60857.6,63509.1,2723.02,51965.48,67360.91,67322.6,39.6,3624.99,-922.07,-4.61
"2024-04-19 00:00:00",63499.5,65499.9,59666.0,63849.1,4458.82,52083.72,67070.76,67375.97,41.58,3845.24,-983.59,-200.4
"2024-04-20 00:00:00",63846.0,65424.1,63164.0,64993.7,2049.04,52212.18,66755.11,67427.15,41.8,3851.0,-929.26,-346.18
"2024-04-21 00:00:00",64993.8,65715.3,64281.0,64953.6,1341.97,52338.96,66518.74,67485.55,40.55,3852.59,-879.31,-452.8
"2024-04-22 00:00:00",64953.0,67200.0,64543.1,66831.4,2626.89,52483.16,66587.42,67558.62,39.55,3784.01,-680.36,-498.32
"2024-04-23 00:00:00",66831.4,67190.0,65853.8,66419.8,1878.08,52621.84,66608.84,67520.55,43.47,3631.26,-549.57,-508.57
"2024-04-24 00:00:00",66419.8,67000.0,63583.4,64291.3,2418.73,52737.95,66397.04,67530.33,35.41,3618.15,-610.63,-528.98
"2024-04-25 00:00:00",64291.3,65300.0,62743.5,64489.1,2429.37,52854.88,66228.67,67498.13,36.95,3682.84,-635.73,-550.33
"2024-04-26 00:00:00",64489.1,64760.8,63338.4,63750.8,1618.44,52963.29,65970.77,67434.42,41.0,3350.01,-707.05,-581.67
"2024-04-27 00:00:00",63750.8,63893.0,62396.6,63425.0,1349.33,53067.39,65672.72,67336.26,48.11,2924.68,-780.85,-621.51
"2024-04-28 00:00:00",63425.1,64301.0,62785.8,63114.9,767.95,53167.37,65245.97,67229.38,41.38,2806.52,-854.52,-668.11
"2024-04-29 00:00:00",63114.1,64125.0,61774.6,63822.1,1659.82,53273.38,64979.07,67125.02,51.54,2649.92,-846.08,-703.7
"2024-04-30 00:00:00",63822.1,64738.3,59110.0,60610.0,4103.95,53346.38,64478.96,66895.22,40.06,2852.59,-1086.06,-780.18
"2024-05-01 00:00:00",60610.0,60775.0,56378.0,58272.2,5815.32,53395.4,63890.26,66630.97,40.58,2827.81,-1448.2,-913.78
"2024-05-02 00:00:00",58272.3,59602.1,56929.9,59124.1,2549.03,53452.4,63486.2,66351.8,35.01,2784.03,-1647.46,-1060.52
"2024-05-03 00:00:00",59113.2,63284.0,58848.7,62925.8,3762.0,53546.66,63430.37,66182.89,47.45,2684.13,-1481.53,-1144.72
"2024-05-04 00:00:00",62925.8,64500.0,62550.4,63895.3,2487.06,53649.63,63340.13,66071.02,46.93,2661.95,-1257.31,-1167.24
"2024-05-05 00:00:00",63898.0,64646.7,62937.0,64067.5,1244.95,53753.29,63373.09,66047.38,47.54,2681.62,-1053.57,-1144.51
"2024-05-06 00:00:00",64067.5,65500.0,62720.2,63161.7,2920.39,53846.91,63339.54,65943.5,39.25,2690.4,-954.2,-1106.44
"2024-05-07 00:00:00",63161.7,64332.9,62305.0,62325.0,2316.14,53931.27,63391.57,65838.0,38.3,2739.81,-932.22,-1071.6
"2024-05-08 00:00:00",62325.0,62966.2,60888.9,61172.1,1624.82,54003.32,63274.72,65823.28,40.56,2644.14,-996.34,-1056.55
"2024-05-09 00:00:00",61172.1,63418.5,60650.7,63051.9,1439.29,54093.35,63234.87,65726.99,46.05,2659.24,-885.27,-1022.29
"2024-05-10 00:00:00",63052.0,63521.1,60220.2,60794.6,2069.45,54160.03,63024.91,65632.89,42.5,2793.41,-968.22,-1011.48
"2024-05-11 00:00:00",60790.8,61437.2,60484.0,60805.0,792.96,54226.15,62817.48,65572.79,43.25,2754.61,-1021.36,-1013.45
"2024-05-12 00:00:00",60805.0,61800.0,60638.9,61444.6,668.22,54297.98,62548.14,65520.99,45.77,2729.32,-1000.32,-1010.83
"2024-05-13 00:00:00",61444.6,63400.0,60773.2,62910.0,1728.05,54383.67,62372.65,65435.31,47.77,2749.06,-855.55,-979.77
"2024-05-14 00:00:00",62910.0,63075.0,61000.0,61568.6,1843.74,54455.16,62236.51,65267.68,52.57,2495.26,-839.37,-951.69
"2024-05-15 00:00:00",61568.6,66450.0,61325.4,66233.0,4260.47,54572.35,62323.71,65192.34,69.0,2547.23,-445.05,-850.36
"2024-05-16 00:00:00",66233.1,66700.0,64557.0,65228.4,2547.44,54678.38,62397.59,65108.16,64.46,2509.43,-211.17,-722.52
"2024-05-17 00:00:00",65228.4,67443.0,65121.1,67043.5,2179.14,54801.42,62578.51,65034.19,60.77,2358.47,119.27,-554.17
"2024-05-18 00:00:00",67043.6,67362.9,66620.4,66920.0,565.4,54922.0,62768.77,64974.25,58.28,2272.25,366.95,-369.94
"2024-05-19 00:00:00",66920.1,67984.0,65922.0,66262.4,1096.64,55034.84,62890.79,64906.45,55.85,2297.41,504.36,-195.08
"2024-05-20 00:00:00",66262.5,71464.9,66111.0,71408.1,3168.47,55197.76,63430.69,64908.48,67.93,2481.28,1016.75,47.28
"2024-05-21 00:00:00",71399.0,71896.4,69202.0,70145.1,2366.53,55346.49,64024.33,64917.76,66.69,2528.89,1305.86,299.0
"2024-05-22 00:00:00",70145.1,70594.2,68725.2,69144.0,2667.19,55483.78,64525.33,64991.49,67.13,2514.01,1437.63,526.72
"2024-05-23 00:00:00",69144.1,70500.0,66250.0,67940.8,3538.2,55607.73,64776.08,65030.47,60.82,2619.88,1428.5,707.08
"2024-05-24 00:00:00",67947.0,69285.3,66652.4,68539.1,1803.19,55736.4,65008.27,65030.71,68.5,2572.16,1452.8,856.22
"2024-05-25 00:00:00",68541.0,69608.3,68540.6,69278.7,627.9,55871.15,65268.83,65059.15,69.56,2580.45,1514.28,987.83
"2024-05-26 00:00:00",69278.7,69461.2,67971.1,68476.4,481.57,55996.57,65534.57,65050.51,66.11,2603.95,1481.19,1086.5
"2024-05-27 00:00:00",68474.4,70600.0,68266.6,69377.8,1340.86,56129.72,65887.21,65050.34,65.21,2582.99,1510.29,1171.26
"2024-05-28 00:00:00",69377.8,69509.6,67243.1,68324.9,1727.62,56251.07,66244.85,64983.84,66.11,2596.67,1431.89,1223.39
"2024-05-29 00:00:00",68325.0,68843.3,67100.0,67575.4,1916.84,56363.75,66471.02,64952.15,53.93,2355.15,1294.35,1237.58
"2024-05-30 00:00:00",67575.4,69550.0,67099.9,68365.0,2098.19,56483.16,66849.54,64907.21,59.31,2377.09,1234.84,1237.03
"2024-05-31 00:00:00",68365.0,69000.0,66652.4,67498.1,1214.32,56592.76,67184.19,64856.24,51.43,2378.92,1104.98,1210.62
"2024-06-01 00:00:00",67498.1,67817.9,67383.3,67717.2,262.43,56703.45,67497.82,64866.48,52.49,2356.93,1008.12,1170.12
"2024-06-02 00:00:00",67717.2,68379.9,67283.0,67729.1,686.53,56813.16,67738.78,64940.21,54.78,2287.99,921.7,1120.44
"2024-06-03 00:00:00",67729.2,70253.4,67636.9,68800.0,1647.26,56932.43,68100.35,65002.21,38.43,2092.46,928.92,1082.13
"2024-06-04 00:00:00",68800.0,71050.0,68600.1,70558.6,2378.57,57068.02,68316.63,65145.22,51.76,2075.0,1064.27,1078.56
"2024-06-05 00:00:00",70558.7,71709.0,70378.9,71103.6,2163.81,57207.67,68610.39,65290.64,58.66,2036.51,1201.67,1103.18
"2024-06-06 00:00:00",71116.3,71596.5,70100.0,70752.1,1460.01,57342.44,68795.82,65479.99,63.44,1839.83,1267.58,1136.06
"2024-06-07 00:00:00",70752.1,71900.0,68409.0,69317.0,2531.87,57461.59,68915.67,65596.15,53.44,1901.12,1190.29,1146.91
"2024-06-08 00:00:00",69317.1,69511.2,69138.0,69291.5,601.46,57579.3,69067.13,65705.0,50.06,1851.41,1114.14,1140.35
"2024-06-09 00:00:00",69291.5,69809.8,69155.3,69649.9,421.25,57699.41,68979.21,65798.12,55.79,1791.72,1070.37,1126.36
"2024-06-10 00:00:00",69649.9,70142.5,69186.7,69522.1,1227.0,57817.05,68948.07,65889.49,50.77,1693.32,1013.68,1103.82
"2024-06-11 00:00:00",69522.2,69558.7,66059.3,67348.6,2498.48,57911.89,68858.29,65899.84,45.34,1781.39,784.34,1039.92
"2024-06-12 00:00:00",67348.6,69969.0,66923.0,68233.7,1900.53,58014.59,68872.94,65936.11,53.1,1874.44,666.32,965.2
"2024-06-13 00:00:00",68233.7,68412.0,66244.9,66756.5,1247.85,58101.58,68783.81,65985.42,42.89,1854.22,448.42,861.85
"2024-06-14 00:00:00",66756.4,67275.7,65075.0,65992.1,1703.77,58180.09,68619.48,66015.48,43.28,1843.73,211.61,731.8
"2024-06-15 00:00:00",65992.1,66405.3,65794.7,66198.1,447.32,58259.87,68505.57,66064.42,43.21,1856.3,40.1,593.46
"2024-06-16 00:00:00",66198.1,66868.7,66020.0,66635.4,542.33,58343.21,68368.44,66128.63,45.29,1838.57,-59.85,462.8
"2024-06-17 00:00:00",66630.0,67267.0,65110.0,66487.6,1178.56,58424.25,68276.58,66196.09,39.19,1805.75,-149.26,340.39
"2024-06-18 00:00:00",66487.7,66556.5,64050.0,65169.7,2452.72,58491.37,68156.3,66223.04,23.72,1809.79,-322.75,207.76
"2024-06-19 00:00:00",65169.7,65660.1,64700.0,64949.0,645.03,58555.62,67985.5,66309.82,19.0,1783.36,-472.59,71.69
"2024-06-20 00:00:00",64949.1,66444.7,64550.0,64833.3,1301.88,58618.09,67852.26,66441.04,19.47,1811.81,-593.84,-61.42
"2024-06-21 00:00:00",64833.3,64999.9,63335.6,64087.9,1178.24,58672.51,67670.79,66540.32,20.96,1681.33,-741.53,-197.44
"2024-06-22 00:00:00",64088.0,64442.5,63932.2,64253.0,355.68,58728.04,67496.99,66566.86,22.44,1691.12,-835.62,-325.08
"2024-06-23 00:00:00",64253.0,64496.6,63176.0,63176.1,554.13,58772.3,67215.79,66552.48,17.17,1738.7,-985.72,-457.2
"2024-06-24 00:00:00",63176.1,63277.8,58448.0,60297.0,3701.59,58787.47,66702.71,66477.07,13.43,2015.41,-1321.76,-630.12
"2024-06-25 00:00:00",60297.1,62364.8,60245.0,61794.0,1534.9,58817.39,66237.23,66449.71,26.73,1916.87,-1450.56,-794.2
"2024-06-26 00:00:00",61794.1,62454.4,60689.9,60815.1,827.77,58837.27,65740.38,66419.51,19.16,1825.34,-1613.02,-957.97
"2024-06-27 00:00:00",60815.2,62297.8,60580.7,61617.1,878.32,58864.93,65355.38,66428.41,27.37,1793.19,-1657.95,-1097.96
"2024-06-28 00:00:00",61617.1,62100.0,59942.7,60319.6,880.36,58879.4,64906.79,66373.77,26.14,1790.09,-1777.76,-1233.92
"2024-06-29 00:00:00",60319.6,61102.1,60307.7,60860.0,495.32,58899.11,64467.29,66375.08,28.16,1803.22,-1808.27,-1348.79
"2024-06-30 00:00:00",60860.0,62916.3,60660.7,62680.3,819.17,58936.73,64125.2,66412.58,35.46,1903.71,-1666.35,-1412.3
"2024-07-01 00:00:00",62680.4,63798.9,62489.9,62858.5,1408.61,58975.75,63900.7,66440.86,36.69,1843.14,-1521.95,-1434.23
"2024-07-02 00:00:00",62858.6,63168.6,61747.0,62019.9,924.08,59006.04,63590.01,66423.06,38.03,1765.65,-1458.37,-1439.06
"2024-07-03 00:00:00",62020.0,62178.9,59341.6,60146.6,1615.06,59017.39,63259.51,66394.62,33.78,1899.74,-1541.38,-1459.53
"2024-07-04 00:00:00",60146.6,60399.3,56777.0,57021.1,2727.52,58997.53,62810.97,66210.38,28.08,2023.14,-1838.18,-1535.26
"2024-07-05 00:00:00",57031.4,57520.4,53563.3,56650.1,4102.76,58974.17,62333.56,66038.81,28.68,2186.91,-2079.36,-1644.08
"2024-07-06 00:00:00",56650.1,58468.0,56028.6,58234.9,995.59,58966.82,61913.54,65862.64,34.05,2324.7,-2118.19,-1738.9
"2024-07-07 00:00:00",58234.9,58396.7,55727.7,55845.4,940.57,58935.76,61381.43,65641.15,31.83,2421.01,-2315.1,-1854.14
"2024-07-08 00:00:00",55845.4,58129.8,54301.3,56699.3,2283.59,58913.5,60957.91,65449.89,40.09,2349.49,-2374.87,-1958.29
"2024-07-09 00:00:00",56699.3,58245.2,56325.2,58001.6,1412.64,58904.43,60610.54,65181.76,39.44,2335.22,-2290.75,-2024.78
"2024-07-10 00:00:00",58001.6,59474.1,57154.1,57743.1,1511.29,58892.87,60256.03,64933.72,41.09,2374.9,-2219.36,-2063.69
"2024-07-11 00:00:00",57742.1,59500.0,57075.5,57350.0,1532.4,58877.52,59919.13,64697.84,37.32,2425.43,-2169.49,-2084.85
"2024-07-12 00:00:00",57350.0,58494.9,56593.3,57911.4,1135.14,58867.91,59602.06,64497.25,42.52,2407.16,-2060.91,-2080.06
"2024-07-13 00:00:00",57911.5,59836.5,57784.1,59222.8,985.89,58871.44,59404.39,64310.92,45.15,2497.02,-1847.74,-2033.6
"2024-07-14 00:00:00",59222.8,61373.5,59222.8,60810.0,1537.76,58890.73,59430.04,64141.55,44.38,2489.53,-1533.06,-1933.49
"2024-07-15 00:00:00",60810.0,64900.0,60704.5,64764.2,2989.71,58949.17,59578.55,64067.31,54.67,2695.71,-953.61,-1737.52
"2024-07-16 00:00:00",64764.3,65416.3,62466.0,65088.7,3185.16,59010.26,59792.23,63981.52,57.71,2804.9,-462.87,-1482.59
"2024-07-17 00:00:00",65077.1,66100.3,63853.1,64120.0,1952.56,59061.11,59917.38,63897.43,60.46,2762.75,-150.39,-1216.15
"2024-07-18 00:00:00",64120.1,65097.1,63225.5,63960.7,1495.4,59109.86,60099.43,63825.13,71.66,2637.7,83.44,-956.23
"2024-07-19 00:00:00",63960.7,67429.0,63350.0,66708.9,2068.89,59185.47,60391.88,63792.01,77.34,2646.41,484.92,-668.0
"2024-07-20 00:00:00",66708.9,67612.9,66301.4,67166.1,878.58,59264.88,60616.17,63785.37,75.86,2565.84,830.41,-368.32
"2024-07-21 00:00:00",67166.1,68313.0,65857.0,68137.1,1510.08,59353.16,60880.1,63793.77,88.77,2550.63,1169.09,-60.84
"2024-07-22 00:00:00",68137.2,68531.4,66600.0,67595.1,1381.73,59435.17,61158.85,63791.09,85.06,2415.12,1377.88,226.91
"2024-07-23 00:00:00",67595.2,67761.1,65458.8,65900.8,2538.76,59499.5,61446.57,63733.1,74.79,2442.43,1390.6,459.65
"2024-07-24 00:00:00",65900.8,67098.3,65134.4,65367.0,1565.38,59557.89,61863.86,63629.27,73.52,2416.99,1342.14,636.15
"2024-07-25 00:00:00",65360.4,66090.9,63427.5,65795.4,1783.91,59619.95,62321.13,63523.11,76.0,2434.06,1323.05,773.53
"2024-07-26 00:00:00",65794.2,69000.0,65755.6,67914.7,2487.79,59702.49,62805.12,63466.36,78.1,2529.97,1462.08,911.24
"2024-07-27 00:00:00",67914.7,69398.3,66624.3,67900.8,3068.23,59784.06,63407.89,63438.04,76.29,2581.51,1553.23,1039.63
"2024-07-28 00:00:00",67912.9,68282.0,67090.9,68250.0,995.07,59868.3,63985.42,63417.21,74.37,2512.97,1634.8,1158.67
"2024-07-29 00:00:00",68250.0,69985.0,66429.9,66755.3,2738.34,59936.83,64423.1,63359.31,57.78,2467.23,1560.85,1239.1
"2024-07-30 00:00:00",66755.4,66973.7,65337.5,66175.1,1726.19,59998.9,64844.71,63292.37,54.16,2373.36,1438.83,1279.05
"2024-07-31 00:00:00",66175.1,66799.9,64524.6,64638.1,1565.49,60045.06,65209.11,63238.16,51.9,2375.37,1204.23,1264.09
"2024-08-01 00:00:00",64638.1,65550.0,62250.0,65300.0,2421.32,60097.35,65578.54,63179.49,54.74,2477.4,1059.5,1223.17
"2024-08-02 00:00:00",65300.1,65500.0,61205.0,61409.9,2656.6,60110.41,65687.89,63072.56,32.65,2492.83,623.72,1103.28
"2024-08-03 00:00:00",61410.0,62126.7,59826.5,60688.5,2560.02,60116.16,65681.82,62966.49,29.15,2563.45,217.64,926.15
"2024-08-04 00:00:00",60688.6,61040.4,57176.3,58103.0,1993.42,60096.13,65348.76,62804.58,20.75,2664.03,-309.25,679.07
"2024-08-05 00:00:00",58103.1,58270.3,49111.0,54006.5,10612.01,60035.54,64794.65,62552.01,17.19,3180.31,-1045.32,334.19
"2024-08-06 00:00:00",54012.4,57056.5,53978.6,56080.0,3145.82,59996.18,64392.65,62343.85,26.71,3235.71,-1444.69,-21.58
"2024-08-07 00:00:00",56080.0,57720.8,54556.5,55091.0,2780.76,59947.37,63949.17,62142.28,26.15,3321.45,-1820.01,-381.27
"2024-08-08 00:00:00",55138.1,62700.0,54760.3,61704.7,3570.75,59964.86,63698.96,62077.39,42.62,3698.33,-1565.74,-618.16
"2024-08-09 00:00:00",61701.9,61732.2,59572.9,60859.9,3535.86,59973.76,63383.65,61997.93,36.66,3620.82,-1416.08,-777.75
"2024-08-10 00:00:00",60859.9,61444.6,60284.3,60951.7,745.15,59983.49,63024.38,61935.2,36.9,3505.56,-1275.36,-877.27
"2024-08-11 00:00:00",60951.8,61800.0,58329.9,58717.7,1657.3,59970.9,62580.51,61824.5,33.23,3668.34,-1328.78,-967.57
"2024-08-12 00:00:00",58717.7,60658.4,57690.0,59359.9,1772.47,59964.82,62253.46,61748.17,36.58,3626.44,-1304.27,-1034.91
"2024-08-13 00:00:00",59359.5,61555.0,58441.2,60600.0,2442.99,59971.14,62015.11,61754.23,40.12,3731.98,-1171.27,-1062.18
"2024-08-14 00:00:00",60600.1,61773.4,58500.0,58693.6,2297.26,59958.43,61660.02,61692.22,39.6,3803.27,-1205.8,-1090.91
"2024-08-15 00:00:00",58693.7,59885.4,56117.7,57554.9,2578.85,59934.51,61142.03,61627.02,36.68,3836.68,-1309.95,-1134.72
"2024-08-16 00:00:00",57555.0,59800.0,57100.9,58898.4,1659.8,59924.2,60691.91,61572.65,45.27,3722.69,-1269.45,-1161.66
"2024-08-17 00:00:00",58895.6,59682.2,58812.4,59473.3,456.34,59919.71,60253.08,61555.72,47.7,3620.51,-1177.39,-1164.81
"2024-08-18 00:00:00",59473.4,60234.4,58451.6,58466.5,812.96,59905.25,59838.64,61507.85,50.73,3471.85,-1172.16,-1166.28
"2024-08-19 00:00:00",58466.5,59593.0,57860.8,59493.7,1313.02,59901.16,59504.57,61444.12,62.63,2941.34,-1072.76,-1147.57
"2024-08-20 00:00:00",59493.7,61391.9,58572.7,59023.3,2101.76,59892.42,59223.82,61367.41,57.31,2922.86,-1020.18,-1122.1
"2024-08-21 00:00:00",59023.3,61800.0,58844.0,61179.7,2153.31,59905.23,59017.81,61350.61,64.3,2907.99,-795.34,-1056.75
"2024-08-22 00:00:00",61179.8,61416.7,59805.7,60391.1,1586.15,59910.07,58966.87,61355.5,45.75,2455.94,-673.03,-980.0
"2024-08-23 00:00:00",60391.1,64950.9,60390.0,64087.4,3155.26,59951.63,59136.82,61496.83,58.81,2627.48,-274.67,-838.94
"2024-08-24 00:00:00",64087.5,64481.2,63641.0,64176.0,953.24,59993.67,59440.47,61647.34,58.8,2604.61,47.63,-661.62
"2024-08-25 00:00:00",64176.1,65070.7,63834.5,64288.1,707.02,60036.4,59954.54,61768.41,67.2,2445.05,308.54,-467.59
"2024-08-26 00:00:00",64288.1,64455.5,62851.0,62854.7,1136.41,60064.44,60293.28,61908.59,60.29,2347.63,395.1,-295.05
"2024-08-27 00:00:00",62851.1,63200.0,58009.6,59458.0,2317.88,60058.41,60511.63,61963.77,47.02,2495.96,187.46,-198.55
"2024-08-28 00:00:00",59458.0,60216.2,57870.8,59025.6,1959.76,60048.13,60377.68,61984.25,50.94,2429.67,-11.86,-161.21
"2024-08-29 00:00:00",59025.6,61143.1,58717.4,59385.5,1464.08,60041.54,60303.95,62017.1,55.42,2333.81,-139.17,-156.8
"2024-08-30 00:00:00",59385.5,59899.0,57755.0,59105.0,1521.28,60032.22,60211.62,62052.2,50.65,2294.16,-259.71,-177.38
"2024-08-31 00:00:00",59110.0,59443.0,58736.9,58972.3,558.76,60021.67,60224.35,62073.41,48.37,2282.47,-361.77,-214.26
"2024-09-01 00:00:00",58972.3,59026.7,57210.0,57321.2,1772.08,59994.8,60122.42,62035.38,46.43,2284.89,-569.33,-285.28
"2024-09-02 00:00:00",57318.5,59388.0,57124.2,59128.6,1728.8,59986.18,60048.85,62001.75,48.91,2322.86,-581.27,-344.47
"2024-09-03 00:00:00",59128.7,59773.0,57406.4,57497.6,1444.7,59961.42,59989.04,61856.42,45.75,2290.54,-714.12,-418.4
"2024-09-04 00:00:00",57482.4,58508.0,55617.7,57970.0,2253.64,59941.6,60009.8,61714.05,40.14,2285.84,-772.37,-489.2
"2024-09-05 00:00:00",57970.1,58285.9,55601.5,56163.9,2115.36,59904.02,59873.07,61554.93,37.78,2362.51,-953.29,-582.02
"2024-09-06 00:00:00",56163.9,56964.1,52569.0,53948.3,3806.69,59844.75,59596.82,61354.68,17.95,2350.67,-1260.91,-717.8
"2024-09-07 00:00:00",53948.3,54810.2,53739.0,54146.4,1015.37,59788.05,59380.82,61103.43,18.52,2367.17,-1471.76,-868.59
"2024-09-08 00:00:00",54146.5,55317.6,53636.6,54856.8,980.64,59738.99,59148.97,60857.24,21.47,2398.94,-1563.51,-1007.57
"2024-09-09 00:00:00",54856.9,58050.8,54580.3,57062.7,1806.65,59712.36,59050.94,60635.75,33.26,2532.23,-1441.6,-1094.38
"2024-09-10 00:00:00",57062.7,58000.0,56440.2,57630.0,1234.54,59691.64,58873.46,60436.45,43.68,2272.9,-1284.41,-1132.38
"2024-09-11 00:00:00",57630.0,57990.0,55548.1,57350.6,2108.13,59668.34,58721.44,60265.45,44.15,2279.79,-1168.9,-1139.69
"2024-09-12 00:00:00",57350.7,58546.4,57339.0,58133.1,1392.84,59653.07,58423.72,60120.77,45.75,2192.77,-1002.67,-1112.28
"2024-09-13 00:00:00",58133.4,60657.4,57658.3,60581.0,2992.83,59662.3,58243.97,60016.48,54.36,2253.85,-665.72,-1022.97
"2024-09-14 00:00:00",60581.1,60650.0,59478.3,60000.1,1011.97,59665.66,58029.57,59858.19,52.96,2287.11,-440.49,-906.47
"2024-09-15 00:00:00",60000.2,60350.0,58679.1,59135.1,911.81,59660.38,57843.59,59682.88,55.47,2276.69,-328.0,-790.78
"2024-09-16 00:00:00",59135.1,59176.7,57488.7,58197.2,1394.86,59645.82,57780.55,59481.82,47.03,2235.56,-310.96,-694.82
"2024-09-17 00:00:00",58197.3,61300.0,57619.9,60317.2,2381.82,59652.5,57845.13,59353.06,58.71,2329.39,-124.94,-580.84
"2024-09-18 00:00:00",60317.1,61777.7,59164.6,61777.7,2374.43,59673.65,57964.74,59265.11,61.08,2309.59,138.73,-436.93
"2024-09-19 00:00:00",61777.7,63840.0,61599.2,62922.1,2674.77,59705.97,58155.59,59230.79,70.46,2277.9,435.02,-262.54
"2024-09-20 00:00:00",62922.2,64087.0,62373.3,63210.2,2234.55,59740.84,58367.49,59188.99,81.74,2086.37,685.18,-72.99
"2024-09-21 00:00:00",63210.3,63539.5,62801.0,63376.1,1769.28,59777.01,58670.24,59228.32,81.7,2062.61,886.6,118.92
"2024-09-22 00:00:00",63376.1,64000.0,62440.6,63615.2,2192.35,59815.2,58894.56,59286.85,81.09,2053.92,1053.38,305.82
"2024-09-23 00:00:00",63615.2,64777.3,62643.0,63332.4,2429.2,59850.2,59186.31,59391.44,75.78,1958.48,1149.48,474.55
"2024-09-24 00:00:00",63332.4,64681.0,62739.4,64271.8,1731.19,59894.2,59501.4,59596.75,76.5,1985.75,1286.61,636.96
"2024-09-25 00:00:00",64271.9,64770.0,62917.4,63139.2,1472.03,59926.49,59850.16,59737.93,71.62,1943.66,1289.04,767.38
"2024-09-26 00:00:00",63139.2,65764.9,62673.3,65183.5,2376.4,59978.79,60411.92,59939.78,74.06,2078.24,1439.33,901.77
"2024-09-27 00:00:00",65179.3,66452.8,64841.2,65788.9,1580.52,60036.61,60994.04,60021.46,70.33,1979.14,1588.97,1039.21
"2024-09-28 00:00:00",65788.8,66218.7,65475.7,65878.4,434.18,60094.73,61545.13,60121.83,73.87,1948.51,1695.24,1170.42
"2024-09-29 00:00:00",65862.7,66055.0,65474.4,65610.0,541.96,60149.61,61972.49,60215.0,77.63,1870.64,1737.77,1283.89
"2024-09-30 00:00:00",65610.1,65610.1,62883.9,63338.5,1812.36,60181.34,62257.92,60307.42,69.7,1944.79,1570.09,1341.13
"2024-10-01 00:00:00",63325.0,64100.0,60203.4,60819.1,2632.62,60187.69,62431.34,60336.6,51.87,1960.26,1219.84,1316.87
"2024-10-02 00:00:00",60819.1,62350.0,60000.0,60635.3,1636.62,60192.14,62556.45,60337.31,45.31,1941.46,916.87,1236.87
"2024-10-03 00:00:00",60643.9,61467.5,59850.0,60739.6,1794.05,60197.59,62564.38,60378.23,40.2,1896.94,677.37,1124.97
"2024-10-04 00:00:00",60739.7,62470.0,60451.6,62081.0,1614.93,60216.33,62668.43,60468.75,45.37,1918.71,589.01,1017.78
"2024-10-05 00:00:00",62081.0,62328.3,61700.0,62049.0,543.87,60234.56,62814.12,60531.76,44.5,1910.84,510.52,916.33
"2024-10-06 00:00:00",62048.5,62921.0,61824.9,62809.3,558.72,60260.18,63044.72,60598.48,46.8,1877.74,503.86,833.83
"2024-10-07 00:00:00",62809.4,64419.3,62150.8,62234.6,1753.13,60279.83,63140.59,60673.84,45.73,1887.33,447.05,756.48
"2024-10-08 00:00:00",62221.1,63180.2,61825.4,62117.9,1451.97,60298.12,63157.6,60726.33,41.06,1845.41,388.14,682.81
"2024-10-09 00:00:00",62120.6,62493.0,60300.0,60558.0,1425.16,60300.71,63039.4,60757.02,39.65,1869.73,213.13,588.87
"2024-10-10 00:00:00",60558.0,61237.4,58888.0,60279.5,1660.05,60300.49,62892.86,60739.02,27.1,1816.71,51.36,481.37
"2024-10-11 00:00:00",60275.9,63414.5,60063.4,62502.5,1956.73,60322.4,62849.18,60781.24,36.67,1940.96,101.37,405.37
"2024-10-12 00:00:00",62502.5,63445.0,62495.0,63184.0,687.24,60350.88,62827.63,60763.18,39.57,1955.75,193.76,363.05
"2024-10-13 00:00:00",63184.9,63273.0,62029.9,62834.9,808.2,60375.59,62802.75,60736.35,39.32,2003.07,236.09,337.66
"2024-10-14 00:00:00",62834.9,66400.0,62465.0,66025.5,2419.75,60431.81,62890.43,60771.1,59.65,2089.41,521.09,374.34
"2024-10-15 00:00:00",66025.6,67871.1,64686.1,67060.5,3990.01,60497.77,63086.5,60855.22,75.1,2038.59,821.0,463.67
"2024-10-16 00:00:00",67056.0,68328.6,66751.5,67589.9,1989.75,60568.34,63206.82,61017.86,77.22,1983.38,1088.85,588.71
"2024-10-17 00:00:00",67590.0,67899.9,66644.5,67407.8,1581.8,60636.39,63287.76,61185.5,75.94,1957.51,1271.76,725.32
"2024-10-18 00:00:00",67407.8,68980.3,67189.9,68440.3,1519.45,60714.04,63415.86,61366.6,75.35,1941.23,1482.95,876.85
"2024-10-19 00:00:00",68440.2,68632.7,68062.2,68374.9,402.0,60790.27,63554.1,61551.99,75.15,1937.1,1626.29,1026.73
"2024-10-20 00:00:00",68375.0,69315.0,68129.4,69010.5,696.12,60872.06,63837.7,61752.76,74.9,1943.49,1770.76,1175.54
"2024-10-21 00:00:00",69010.5,69447.8,66838.6,67385.1,2249.69,60936.87,64166.01,61954.04,69.07,1967.83,1734.11,1287.25
"2024-10-22 00:00:00",67385.1,67750.0,66564.4,67387.6,1332.15,61001.06,64503.62,62119.22,69.68,1955.74,1685.84,1366.97
"2024-10-23 00:00:00",67384.2,67407.5,65199.0,66633.4,1637.67,61057.1,64798.31,62301.93,74.14,1956.85,1568.64,1407.3
"2024-10-24 00:00:00",66630.5,68794.2,66452.2,68170.1,1711.06,61127.88,65102.76,62505.93,78.5,1956.32,1581.52,1442.15
"2024-10-25 00:00:00",68170.1,68699.0,65531.0,66606.8,1962.9,61182.39,65330.65,62714.79,65.57,1943.24,1448.89,1443.5
"2024-10-26 00:00:00",66606.8,67348.4,66364.0,67026.0,551.12,61240.54,65541.49,62976.35,64.87,1945.7,1361.9,1427.18
"2024-10-27 00:00:00",67026.1,68196.0,66850.4,67941.2,669.93,61307.21,65826.82,63252.24,68.93,1953.02,1351.24,1411.99
"2024-10-28 00:00:00",67941.3,70200.0,67535.0,69911.9,2663.61,61392.83,66216.52,63553.34,65.84,1862.31,1484.69,1426.53
"2024-10-29 00:00:00",69912.0,73574.9,69720.1,72661.0,3112.48,61504.95,66821.67,63865.31,70.03,1910.15,1791.63,1499.55
"2024-10-30 00:00:00",72661.0,72887.9,71400.0,72331.1,1750.94,61612.67,67424.25,64159.33,67.2,1903.78,1985.37,1596.71
"2024-10-31 00:00:00",72331.1,72662.0,69602.0,70250.1,1855.73,61698.62,67811.63,64417.32,59.06,2032.68,1948.54,1667.08
"2024-11-01 00:00:00",70250.1,71576.0,68810.0,69490.1,2425.49,61776.15,68126.94,64644.46,53.41,2102.36,1836.84,1701.03
"2024-11-02 00:00:00",69490.1,69858.8,69060.0,69300.0,803.14,61851.01,68450.19,64818.84,52.98,2118.67,1713.24,1703.47
"2024-11-03 00:00:00",69300.9,69363.3,67483.7,68748.7,2115.26,61919.64,68586.35,64993.81,49.15,2168.24,1552.89,1673.36
"2024-11-04 00:00:00",68748.7,69430.6,66836.0,67783.3,1544.56,61977.99,68622.49,65166.78,51.35,2167.2,1332.56,1605.2
"2024-11-05 00:00:00",67787.8,70482.0,67481.4,69382.7,2008.24,62051.67,68712.13,65390.49,56.09,2296.84,1272.33,1538.62
"2024-11-06 00:00:00",69382.7,76457.6,69341.0,75642.0,8946.49,62186.89,69123.84,65696.98,70.58,2647.42,1709.96,1572.89
"2024-11-07 00:00:00",75642.1,76937.5,74500.0,75949.2,3152.68,62323.83,69499.29,65980.41,68.83,2654.24,2057.86,1669.88
"2024-11-08 00:00:00",75949.3,77242.0,75713.0,76550.4,2322.42,62465.39,69908.06,66252.98,75.24,2537.17,2354.93,1806.89
"2024-11-09 00:00:00",76550.5,76911.0,75785.2,76728.3,1025.99,62607.31,70293.95,66523.34,74.93,2547.27,2575.04,1960.52
"2024-11-10 00:00:00",76728.3,81480.7,76569.9,80423.3,4998.43,62784.58,70945.86,66864.29,78.07,2801.93,3012.9,2171.0
"2024-11-11 00:00:00",80423.3,89600.0,80299.9,88737.6,7092.86,63042.82,72013.36,67366.73,82.93,3275.86,3984.86,2533.77
"2024-11-12 00:00:00",88737.5,89920.0,85136.0,88087.3,6818.0,63292.02,73086.05,67861.83,79.13,3342.24,4649.09,2956.83
"2024-11-13 00:00:00",88087.3,93435.0,86258.0,90490.9,7626.55,63562.66,74202.1,68386.21,81.8,3748.6,5308.25,3427.12
"2024-11-14 00:00:00",90496.8,91780.0,86621.9,87313.2,6252.09,63798.98,75237.42,68869.69,78.77,3898.46,5510.7,3843.83
"2024-11-15 00:00:00",87314.4,91850.0,87135.0,91062.0,3879.47,64070.25,76439.21,69387.26,83.04,4037.68,5905.57,4256.18
"2024-11-16 00:00:00",91062.0,91750.0,90149.0,90555.1,1466.32,64333.79,77569.91,69882.59,82.25,4094.98,6107.2,4626.39
"2024-11-17 00:00:00",90567.7,91399.0,88728.6,89850.0,1823.64,64587.68,78566.82,70362.02,81.86,4151.46,6139.33,4928.98
"2024-11-18 00:00:00",89850.0,92607.2,89400.0,90507.9,3681.75,64845.59,79459.16,70859.98,84.64,4195.22,6147.02,5172.58
"2024-11-19 00:00:00",90508.0,94000.0,90424.6,92376.1,4118.94,65119.53,80461.41,71440.73,84.76,4236.28,6232.03,5384.47
"2024-11-20 00:00:00",92376.1,94925.0,91636.1,94364.5,3479.27,65410.52,81667.13,72111.64,82.5,3962.87,6386.22,5584.82
"2024-11-21 00:00:00",94356.8,98999.0,94135.0,98496.0,4985.85,65739.73,83117.43,72868.85,84.55,4136.19,6763.83,5820.63
"2024-11-22 00:00:00",98496.0,99650.0,97218.3,99000.0,3342.09,66070.68,84602.43,73634.06,84.51,4200.67,7022.81,6061.06
"2024-11-23 00:00:00",99000.0,99000.0,97219.2,97759.1,1822.85,66385.99,86052.94,74347.62,81.3,4247.46,7046.69,6258.19
"2024-11-24 00:00:00",97759.1,98607.4,95751.2,97994.1,1713.9,66700.49,87563.49,75066.52,79.16,4100.7,7003.84,6407.32
"2024-11-25 00:00:00",97994.1,98880.0,92550.0,93000.0,4287.35,66962.18,88744.35,75670.34,57.95,3888.55,6492.06,6424.27
"2024-11-26 00:00:00",93000.1,94995.0,90736.0,91914.5,3988.71,67210.46,89557.98,76263.94,57.02,3851.05,5930.52,6325.52
"2024-11-27 00:00:00",91914.6,97387.9,91818.3,95952.9,3676.0,67496.46,90558.16,76940.64,59.46,3736.24,5745.13,6209.44
"2024-11-28 00:00:00",95946.8,96652.0,94653.6,95637.8,1141.16,67776.47,91512.53,77642.23,66.0,3510.54,5509.28,6069.41
"2024-11-29 00:00:00",95637.8,98670.1,95385.7,97478.7,2810.05,68072.01,92550.05,78386.22,63.31,3408.36,5408.56,5937.24
"2024-11-30 00:00:00",97478.7,97491.2,96185.0,96456.2,724.35,68354.44,93351.69,79065.29,61.98,3387.3,5186.45,5787.08
"2024-12-01 00:00:00",96456.3,97850.0,95754.4,97244.6,790.57,68641.91,93777.04,79746.5,64.96,3346.24,5016.22,5632.91
"2024-12-02 00:00:00",97245.0,98135.3,94450.0,95853.3,2076.04,68912.67,94165.35,80406.87,60.5,3380.39,4714.69,5449.26
"2024-12-03 00:00:00",95853.3,96267.2,93565.1,95917.5,1750.13,69181.37,94436.68,81004.71,57.49,3318.01,4429.85,5245.38
"2024-12-04 00:00:00",95917.5,99213.9,94656.9,98757.1,4007.41,69475.66,95008.87,81638.64,58.97,3408.59,4382.72,5072.85
"2024-12-05 00:00:00",98757.1,104015.5,91800.0,97087.3,8398.16,69750.4,95310.13,82228.59,46.8,3933.7,4162.64,4890.81
"2024-12-06 00:00:00",97087.3,101995.0,96510.3,99872.9,2727.16,70050.13,95776.02,82877.89,51.8,4151.77,4164.99,4745.64
"2024-12-07 00:00:00",99873.0,100501.4,99000.0,99899.9,829.88,70347.14,96278.52,83507.08,54.63,4131.81,4121.53,4620.82
"2024-12-08 00:00:00",99900.0,101400.0,98699.7,101170.0,1101.24,70653.84,96811.63,84162.99,56.58,4120.68,4141.82,4525.02
"2024-12-09 00:00:00",101170.0,101214.3,94140.9,97399.9,2874.86,70919.97,97062.81,84730.77,59.6,4173.78,3809.77,4381.97
"2024-12-10 00:00:00",97337.0,98267.9,94314.1,96655.1,2459.1,71176.04,97177.35,85316.17,60.5,4151.98,3446.79,4194.93
"2024-12-11 00:00:00",96655.1,101900.0,95754.0,101177.0,2523.4,71474.55,97311.39,85991.96,61.33,4193.15,3483.84,4052.72
"2024-12-12 00:00:00",101177.1,102500.0,99296.6,100050.1,1955.44,71758.89,97363.9,86660.3,59.25,4279.22,3383.28,3918.83
"2024-12-13 00:00:00",100050.1,101905.2,99250.0,101483.1,1358.12,72054.65,97550.1,87326.56,58.54,4234.28,3380.24,3811.11
"2024-12-14 00:00:00",101483.1,102637.2,100666.0,101400.1,926.64,72346.65,97720.4,88022.42,60.98,4281.78,3332.72,3715.43
"2024-12-15 00:00:00",101400.1,105000.0,101222.5,104355.2,2036.4,72665.14,98288.16,88769.01,64.4,4401.91,3493.25,3671.0
"2024-12-16 00:00:00",104355.3,107777.0,103319.4,106067.2,4525.55,72997.5,98995.79,89531.53,70.43,4457.08,3715.77,3679.95
"2024-12-17 00:00:00",106070.2,108297.6,105124.0,106151.9,4684.89,73327.39,99505.75,90256.33,70.45,4490.76,3854.53,3714.87
"2024-12-18 00:00:00",106152.0,106489.3,100027.8,100166.1,3014.79,73594.44,99732.16,90806.43,52.5,4626.79,3441.82,3660.26
"2024-12-19 00:00:00",100166.1,102750.0,95586.4,97431.4,3582.99,73831.63,99729.8,91308.43,50.59,4265.94,2861.09,3500.42
"2024-12-20 00:00:00",97431.5,98064.7,92159.0,97781.8,3145.58,74069.94,99796.07,91859.07,46.1,4296.01,2401.45,3280.63
"2024-12-21 00:00:00",97781.8,99575.4,96359.8,97232.6,1158.06,74300.41,99795.48,92413.92,45.12,4418.46,1970.16,3018.54
"2024-12-22 00:00:00",97232.7,97321.3,94201.1,95101.9,843.51,74507.39,99757.9,92929.96,39.23,4448.45,1439.83,2702.79
"2024-12-23 00:00:00",95101.9,96403.0,92417.0,94699.4,1608.13,74708.31,99697.0,93448.97,44.56,4227.92,975.81,2357.4
"2024-12-24 00:00:00",94699.4,99400.0,93500.0,98647.2,1533.8,74946.51,99691.5,94066.25,53.56,4366.94,916.07,2069.13
"2024-12-25 00:00:00",98647.2,99411.6,97600.0,99310.8,681.61,75188.94,99802.68,94664.81,46.14,4057.34,911.76,1837.66
"2024-12-26 00:00:00",99328.2,99821.8,95139.1,95645.0,1286.63,75392.48,99591.29,95064.87,41.75,4163.0,605.56,1591.24
"2024-12-27 00:00:00",95660.9,97308.6,93300.0,94148.9,1781.18,75579.11,99303.74,95428.86,36.3,4259.67,239.42,1320.88
"2024-12-28 00:00:00",94147.6,95497.0,94033.5,95204.1,447.87,75774.38,99005.44,95801.94,38.83,4223.41,34.0,1063.5
"2024-12-29 00:00:00",95204.1,95204.1,92860.7,93551.0,698.55,75951.27,98813.0,96138.39,29.56,4120.97,-259.2,798.96
"2024-12-30 00:00:00",93551.0,94858.7,91256.6,92611.3,2168.29,76117.04,98610.81,96382.15,23.78,4059.86,-560.92,526.98
"2024-12-31 00:00:00",92611.3,96040.0,91934.1,93370.9,1697.95,76288.72,98220.5,96474.82,25.73,4126.46,-730.33,275.52
"2025-01-01 00:00:00",93370.8,94888.0,92588.1,94380.8,576.16,76468.74,97937.04,96600.69,36.46,3829.2,-774.17,65.59
"2025-01-02 00:00:00",94380.9,97719.9,94167.2,96805.2,1727.88,76671.09,97703.14,96726.97,48.51,3571.28,-606.29,-68.79
"2025-01-03 00:00:00",96805.3,98888.0,96034.1,98111.1,1520.23,76884.42,97538.69,96942.93,50.75,3353.29,-363.68,-127.77
"2025-01-04 00:00:00",98111.1,98714.8,97548.4,98208.9,630.75,77096.61,97231.38,97085.87,52.26,3206.92,-161.66,-134.55
"2025-01-05 00:00:00",98208.9,98750.0,97250.0,98306.2,437.3,77307.65,96843.32,97240.89,58.21,3091.19,6.23,-106.39
"2025-01-06 00:00:00",98306.3,102479.6,97974.0,102222.0,2276.11,77555.55,96646.83,97488.33,66.33,3128.31,450.06,4.9
"2025-01-07 00:00:00",102222.0,102759.3,96100.0,96932.2,2322.87,77748.36,96485.13,97616.82,46.48,3182.54,370.69,78.06
"2025-01-08 00:00:00",96932.2,97232.8,92501.0,95060.4,2675.63,77920.61,96366.58,97670.5,41.69,3391.13,154.96,93.44
"2025-01-09 00:00:00",95060.1,95251.1,91168.5,92531.7,2567.92,78066.0,96104.08,97633.85,43.63,3348.26,-217.54,31.24
"2025-01-10 00:00:00",92523.5,95771.2,92200.0,94698.8,2409.34,78231.5,95977.39,97557.9,51.09,3317.02,-334.04,-41.81
"2025-01-11 00:00:00",94698.9,94986.6,93865.0,94562.1,315.42,78393.99,95950.4,97469.15,48.67,3292.6,-432.41,-119.93
"2025-01-12 00:00:00",94562.1,95300.0,93652.2,94449.9,432.71,78553.75,95937.93,97402.96,51.98,3242.91,-513.5,-198.65
"2025-01-13 00:00:00",94450.0,95808.2,89005.8,94487.1,3303.03,78712.29,95729.92,97332.82,54.31,3471.51,-568.21,-272.56
"2025-01-14 00:00:00",94487.1,97302.9,94313.0,96560.1,1407.26,78889.88,95592.38,97404.02,56.91,3391.79,-439.24,-305.9
"2025-01-15 00:00:00",96560.1,100731.7,96500.0,100496.4,2160.29,79104.87,95834.95,97575.66,61.76,3529.78,-19.18,-248.55
"2025-01-16 00:00:00",100496.5,100700.0,97333.0,99976.7,1764.68,79312.55,96126.35,97656.14,56.58,3516.51,268.69,-145.1
"2025-01-17 00:00:00",99976.7,105883.0,99952.8,104089.8,3507.93,79559.09,96570.63,97825.18,61.11,3736.25,819.28,47.77
"2025-01-18 00:00:00",104089.8,104907.3,102222.0,104382.0,1776.25,79806.09,97112.18,97963.24,61.39,3844.74,1264.62,291.14
"2025-01-19 00:00:00",104382.0,106246.6,99538.2,101191.1,4231.21,80018.87,97541.17,98057.94,54.78,4216.77,1344.58,501.83
"2025-01-20 00:00:00",101191.0,109112.0,99500.0,102162.8,6144.71,80239.21,97980.76,98156.31,49.89,4581.51,1469.42,695.35
"2025-01-21 00:00:00",102142.1,107200.0,100114.2,106162.8,2766.18,80497.16,98569.87,98362.5,67.78,4611.98,1869.57,930.19
"2025-01-22 00:00:00",106162.8,106293.4,103271.3,103648.5,1391.42,80727.52,98912.03,98517.12,66.15,4489.86,1961.2,1136.4
"2025-01-23 00:00:00",103648.6,106833.2,101281.7,103920.2,4692.19,80958.29,99202.49,98620.38,73.4,4594.78,2032.32,1315.58
"2025-01-24 00:00:00",103920.2,107080.6,102800.0,104840.4,1795.72,81195.93,99534.06,98775.44,71.96,4645.45,2138.28,1480.12
"2025-01-25 00:00:00",104840.4,105194.1,104250.0,104705.2,643.55,81429.85,99854.01,98872.09,71.97,4632.77,2186.15,1621.33
"2025-01-26 00:00:00",104705.3,105380.0,102544.1,102596.5,949.06,81640.46,99872.74,98926.02,66.24,4717.64,2030.52,1703.17
"2025-01-27 00:00:00",102596.5,103200.0,97688.7,102133.3,3883.43,81844.37,100132.79,98945.28,64.99,4625.41,1848.5,1732.23
"2025-01-28 00:00:00",102133.3,103728.0,100200.0,101299.8,1817.07,82037.96,100444.76,99023.28,59.76,4663.85,1618.34,1709.45
"2025-01-29 00:00:00",101299.9,104749.1,101277.6,103708.0,2068.76,82253.58,101003.57,99164.34,57.06,4609.55,1611.68,1689.9
"2025-01-30 00:00:00",103708.1,106414.4,103252.5,104750.1,2010.24,82477.43,101506.14,99235.8,60.26,4594.9,1671.22,1686.16
"2025-01-31 00:00:00",104750.1,106000.0,101500.0,102406.0,1755.92,82675.72,101898.34,99282.92,46.08,4492.74,1511.83,1651.3
"2025-02-01 00:00:00",102406.0,102748.6,100147.0,100624.2,1188.39,82854.31,102207.05,99265.74,41.83,4486.76,1227.59,1566.55
"2025-02-02 00:00:00",100624.3,101415.5,96100.0,97696.1,2816.31,83001.99,102367.5,99191.66,42.31,4387.27,757.32,1404.71
"2025-02-03 00:00:00",97696.0,102500.0,91000.0,101425.1,5541.68,83185.31,102610.75,99133.06,48.55,4522.13,677.72,1259.31
"2025-02-04 00:00:00",101425.1,101721.9,96250.0,97868.5,3162.39,83331.41,102479.36,98969.09,33.44,4406.85,323.91,1072.23
"2025-02-05 00:00:00",97868.4,99125.0,96191.0,96623.8,1343.73,83463.67,102311.71,98778.52,35.22,4400.56,-56.28,846.53
"2025-02-06 00:00:00",96613.4,99100.0,95700.0,96559.2,2017.21,83593.97,101935.18,98706.39,34.38,4246.88,-358.65,605.49
"2025-02-07 00:00:00",96558.5,100181.7,95634.1,96547.5,1926.57,83722.86,101543.46,98688.71,31.69,4265.95,-592.41,365.91
"2025-02-08 00:00:00",96547.5,96860.1,95656.9,96496.5,383.81,83849.96,101308.73,98663.0,31.81,4284.46,-772.86,138.16
"2025-02-09 00:00:00",96496.5,97291.2,94763.1,96473.0,702.74,83975.57,101024.24,98647.81,35.05,4262.47,-907.31,-70.94
"2025-02-10 00:00:00",96473.0,98300.0,95326.7,97441.2,1163.37,84109.55,100588.15,98694.6,38.82,4081.19,-925.07,-241.76
"2025-02-11 00:00:00",97441.2,98442.3,94899.2,95767.1,1329.4,84225.55,100194.08,98715.95,37.33,4082.26,-1061.99,-405.81
"2025-02-12 00:00:00",95767.1,98042.8,94111.0,97874.0,1463.18,84361.35,99891.77,98700.49,36.45,4115.14,-989.09,-522.47
"2025-02-13 00:00:00",97874.0,98077.1,95273.7,96628.0,1291.45,84483.41,99481.15,98646.83,31.31,4089.54,-1020.1,-621.99
"2025-02-14 00:00:00",96628.0,98826.0,96340.7,97464.0,1523.92,84612.57,99119.1,98683.21,37.78,3945.63,-966.08,-690.81
"2025-02-15 00:00:00",97464.0,97902.0,97279.3,97588.2,375.8,84741.68,98868.68,98752.0,41.82,3804.28,-902.84,-733.22
"2025-02-16 00:00:00",97588.2,97700.0,96112.6,96144.1,311.46,84855.14,98569.22,98770.8,45.46,3537.99,-958.21,-778.22
"2025-02-17 00:00:00",96144.1,97032.6,95224.7,95772.8,1005.28,84963.77,98292.87,98815.23,29.41,2845.69,-1020.28,-826.63
"2025-02-18 00:00:00",95772.8,96650.9,93388.7,95600.0,1472.42,85069.61,97887.47,98875.01,39.03,2687.86,-1071.07,-875.52
"2025-02-19 00:00:00",95600.0,96875.0,94996.8,96625.7,1116.7,85184.59,97481.25,98940.1,50.01,2612.44,-1016.84,-903.78
"2025-02-20 00:00:00",96625.7,98744.0,96405.7,98339.1,1280.03,85315.48,97277.9,99019.27,57.56,2536.61,-826.08,-888.24
"2025-02-21 00:00:00",98339.1,99481.1,94858.0,96099.5,2181.19,85422.79,97051.67,99005.15,48.4,2542.0,-845.87,-879.77
"2025-02-22 00:00:00",96099.5,96900.0,95791.3,96600.1,484.14,85534.0,96996.87,98974.93,50.36,2535.25,-811.8,-866.17
"2025-02-23 00:00:00",96600.1,96621.6,95300.0,96303.4,359.69,85641.16,96740.79,98936.82,49.42,2449.07,-799.52,-852.84
"2025-02-24 00:00:00",96303.4,96483.0,91400.0,91534.4,2273.51,85699.8,96424.08,98801.39,34.05,2599.76,-1161.22,-914.52
"2025-02-25 00:00:00",91534.4,92487.3,86000.0,88632.6,5210.26,85728.98,96024.52,98529.6,31.94,2810.06,-1662.86,-1064.19
"2025-02-26 00:00:00",88632.6,89271.0,80525.0,84089.8,5878.7,85712.67,95401.05,98272.75,18.93,3153.94,-2399.32,-1331.21
"2025-02-27 00:00:00",84089.9,86951.2,82611.0,84691.4,2506.42,85702.51,94808.25,98065.37,22.29,3263.71,-2900.98,-1645.17
"2025-02-28 00:00:00",84668.4,85061.0,78219.0,84309.2,4498.78,85688.65,94198.88,97900.92,18.81,3574.9,-3291.45,-1974.42
"2025-03-01 00:00:00",84309.2,86515.9,83799.3,86020.8,1112.34,85691.95,93676.27,97727.36,24.49,3724.46,-3423.33,-2264.2
"2025-03-02 00:00:00",86020.8,95000.0,84500.1,94285.0,5152.54,85777.45,93518.46,97721.82,46.85,4361.07,-2828.38,-2377.04
"2025-03-03 00:00:00",94285.0,94401.6,85055.0,86144.7,5136.28,85781.11,93037.34,97555.72,37.08,4899.55,-2979.4,-2497.51
"2025-03-04 00:00:00",86144.7,88888.0,81434.5,87250.0,4690.09,85795.72,92506.14,97410.97,39.07,5198.93,-2975.59,-2593.13
"2025-03-05 00:00:00",87250.0,90975.1,86378.4,90610.4,3795.41,85843.63,92205.26,97291.98,42.58,5393.11,-2670.63,-2608.63
"2025-03-06 00:00:00",90610.4,92741.5,87836.3,89916.8,2992.56,85884.16,91827.9,97080.39,39.34,5576.46,-2456.59,-2578.22
"2025-03-07 00:00:00",89925.3,91227.4,84665.7,86762.3,4534.1,85892.9,91286.61,96816.1,38.45,5714.93,-2512.55,-2565.08
"2025-03-08 00:00:00",86762.3,86809.4,85230.0,86164.1,816.51,85895.6,90787.6,96457.59,37.12,5748.55,-2575.47,-2567.16
"2025-03-09 00:00:00",86164.1,86435.2,80006.7,80684.0,2019.64,85843.74,90033.16,95983.63,32.91,6113.33,-3032.58,-2660.25
"2025-03-10 00:00:00",80709.9,83971.5,77414.3,78558.8,3411.34,85771.25,89181.1,95530.98,34.93,6218.63,-3525.69,-2833.34
"2025-03-11 00:00:00",78558.9,83607.9,76615.7,82900.0,3925.04,85742.68,88494.82,95145.72,43.56,6254.69,-3525.54,-2971.78
"2025-03-12 00:00:00",82900.0,84482.0,80628.9,83673.4,2515.77,85722.09,87761.54,94695.94,49.49,5905.2,-3423.55,-3062.13
"2025-03-13 00:00:00",83673.4,84282.4,79930.7,81112.3,1998.71,85676.22,87012.18,94245.21,45.81,5906.02,-3508.94,-3151.49
"2025-03-14 00:00:00",81112.3,85278.7,80847.2,83997.6,2075.86,85659.52,86382.05,93846.76,49.66,5733.84,-3305.68,-3182.33
"2025-03-15 00:00:00",83997.7,84659.4,83666.9,84332.9,584.77,85646.32,85783.52,93436.61,48.07,5610.69,-3082.01,-3162.27
"2025-03-16 00:00:00",84333.0,85021.0,82009.8,82599.9,842.28,85616.01,85336.8,92994.5,34.33,5075.79,-3009.9,-3131.79
"2025-03-17 00:00:00",82600.0,84700.0,82500.0,84015.2,1262.16,85600.08,85105.93,92622.88,46.52,4565.31,-2806.19,-3066.67
"2025-03-18 00:00:00",84015.2,84015.2,81166.0,82705.4,1526.03,85571.28,85036.71,92234.32,42.61,4236.44,-2719.1,-2997.16
"2025-03-19 00:00:00",82705.4,87000.0,82553.3,86879.5,2673.47,85584.29,85146.11,91945.91,44.09,4225.72,-2286.91,-2855.11
"2025-03-20 00:00:00",86879.6,87433.9,83609.1,84178.6,2156.72,85570.31,85139.58,91555.33,41.46,4148.55,-2137.69,-2711.62
"2025-03-21 00:00:00",84178.6,84771.3,83179.3,84034.3,1018.7,85555.02,85040.26,91141.01,45.54,3793.57,-2007.92,-2570.88
"2025-03-22 00:00:00",84034.3,84450.0,83667.4,83800.0,440.25,85537.56,84516.01,90768.89,46.09,3736.66,-1902.07,-2437.12
"2025-03-23 00:00:00",83800.0,86100.0,83799.9,86076.5,588.42,85542.92,84512.6,90477.94,59.98,3441.77,-1615.86,-2272.87
"2025-03-24 00:00:00",86076.5,88750.0,85558.1,87505.3,2187.05,85562.45,84525.37,90274.12,67.0,3201.39,-1259.22,-2070.14
"2025-03-25 00:00:00",87511.9,88500.0,86306.7,87458.1,1275.82,85581.31,84367.75,89994.78,60.35,2858.61,-969.22,-1849.96
"2025-03-26 00:00:00",87458.1,88263.0,85853.7,86899.0,1808.2,85594.42,84216.86,89775.39,57.4,2755.49,-775.57,-1635.08
"2025-03-27 00:00:00",86899.0,87755.8,85838.9,87209.9,1018.98,85610.5,84239.24,89587.11,65.59,2581.57,-590.21,-1426.11
"2025-03-28 00:00:00",87209.9,87441.7,83530.1,84373.9,2052.98,85598.19,84149.73,89343.41,50.96,2544.44,-664.49,-1273.78
"2025-03-29 00:00:00",84373.9,84559.8,81655.0,82613.8,1157.08,85568.5,84246.22,89064.73,45.89,2681.03,-855.52,-1190.13
"2025-03-30 00:00:00",82613.8,83500.0,81588.7,82325.4,916.37,85536.23,84434.55,88781.31,49.3,2602.46,-1018.45,-1155.8
"2025-03-31 00:00:00",82325.4,83870.8,81270.3,82523.0,1694.69,85506.25,84415.7,88502.31,45.92,2631.07,-1118.73,-1148.38
"2025-04-01 00:00:00",82523.0,85500.0,82415.9,85201.1,1757.72,85503.21,84492.08,88257.51,56.35,2647.85,-970.91,-1112.89
"2025-04-02 00:00:00",85201.2,89042.7,82141.5,82508.1,3582.61,85473.41,84561.88,87992.33,37.96,2823.17,-1058.86,-1102.08
"2025-04-03 00:00:00",82508.1,83911.0,81177.7,83132.9,1942.46,85450.12,84518.64,87697.51,46.75,2745.21,-1065.85,-1094.84
"2025-04-04 00:00:00",83133.0,84709.7,81657.9,83840.8,1986.99,85434.11,84494.04,87441.76,49.42,2849.48,-1002.72,-1076.41
"2025-04-05 00:00:00",83840.8,84200.0,82400.0,83508.9,660.18,85414.95,84539.49,87162.66,49.13,2922.15,-968.3,-1054.79
"2025-04-06 00:00:00",83508.9,83680.0,77057.7,78363.4,3692.98,85344.78,84256.89,86778.16,30.33,3230.88,-1340.77,-1111.99
"2025-04-07 00:00:00",78364.8,81323.6,74409.1,79130.1,5198.35,85282.95,84078.13,86437.88,27.9,3496.78,-1556.15,-1200.82
"2025-04-08 00:00:00",79130.1,80800.0,76164.6,76276.5,2455.54,85193.33,83547.98,86047.96,24.3,3671.21,-1934.8,-1347.62
"2025-04-09 00:00:00",76276.5,83548.9,74572.5,82556.3,5271.69,85167.09,83466.87,85787.08,42.1,4140.29,-1708.46,-1419.78
"2025-04-10 00:00:00",82556.3,82676.5,78451.2,79552.1,2270.1,85111.22,83242.75,85445.61,37.31,4305.18,-1751.31,-1486.09
"2025-04-11 00:00:00",79552.1,84261.7,78914.7,83420.1,3024.32,85094.39,83223.76,85147.23,48.47,4407.71,-1456.37,-1480.14
"2025-04-12 00:00:00",83420.1,85850.9,82750.0,85284.1,1932.99,85096.28,83184.14,84930.92,54.27,4421.71,-1059.99,-1396.11
"2025-04-13 00:00:00",85284.1,86037.9,83025.5,83719.0,1742.34,85082.58,82994.82,84673.3,52.14,4500.36,-862.21,-1289.33
"2025-04-14 00:00:00",83719.8,85792.1,83708.2,84530.7,2420.34,85077.09,82848.46,84437.85,53.02,4463.46,-632.68,-1158.0
"2025-04-15 00:00:00",84530.7,86401.0,83600.0,83633.5,1433.04,85062.72,82685.18,84279.83,47.5,4443.24,-517.21,-1029.85
"2025-04-16 00:00:00",83633.5,85419.7,83146.0,84023.8,1861.93,85052.38,82525.88,84187.65,52.6,4112.71,-389.71,-901.82
"2025-04-17 00:00:00",84027.5,85444.0,83777.2,84910.1,931.4,85050.97,82552.68,84204.06,53.03,4036.53,-214.68,-764.39
"2025-04-18 00:00:00",84910.1,85087.9,84295.4,84472.5,450.65,85045.21,82645.62,84199.68,51.09,3875.15,-110.01,-633.51
"2025-04-19 00:00:00",84472.5,85611.7,84384.6,85121.3,405.54,85045.97,82785.42,84215.92,52.74,3834.23,25.01,-501.81
"2025-04-20 00:00:00",85121.3,85309.2,84007.4,85150.1,517.73,85047.01,82916.77,84198.51,63.96,3454.19,132.81,-374.89
"2025-04-21 00:00:00",85150.0,88490.0,85150.0,87500.6,1901.27,85071.42,83031.74,84062.82,66.17,3198.87,403.25,-219.26
"2025-04-22 00:00:00",87500.7,93888.0,87100.0,93472.0,2972.05,85155.01,83579.94,84209.37,79.64,3352.63,1086.9,41.97
"2025-04-23 00:00:00",93472.0,94635.1,91949.5,93677.0,2009.6,85239.8,84107.14,84337.91,74.25,2903.29,1626.48,358.88
"2025-04-24 00:00:00",93677.0,94000.0,91711.0,93999.9,1079.25,85326.97,84615.1,84405.7,85.68,2764.98,2056.46,698.39
"2025-04-25 00:00:00",94000.0,95837.7,92900.0,94717.1,2253.19,85420.4,85175.51,84501.7,83.04,2592.89,2427.11,1044.14
"2025-04-26 00:00:00",94717.2,95189.5,93907.5,94663.5,499.11,85512.37,85990.51,84659.73,80.68,2462.96,2685.57,1372.42
"2025-04-27 00:00:00",94663.5,95348.5,93621.5,93817.0,532.01,85595.01,86724.86,84812.79,84.66,2371.15,2789.94,1655.93
"2025-04-28 00:00:00",93817.0,95600.0,92900.0,94998.1,1257.55,85688.57,87660.94,85099.07,85.04,2415.16,2934.13,1911.57
"2025-04-29 00:00:00",94998.1,95469.2,93809.5,94269.6,1566.11,85773.95,88246.61,85413.28,86.01,2333.64,2955.55,2120.37
"2025-04-30 00:00:00",94269.7,95195.0,92970.5,94205.4,1082.84,85857.85,88979.27,85639.39,85.25,2330.12,2933.53,2283.0
"2025-05-01 00:00:00",94205.4,97407.8,94148.3,96469.9,1646.03,85963.44,89631.76,85895.32,86.53,2443.89,3063.49,2439.1
"2025-05-02 00:00:00",96469.9,97885.0,96386.7,96920.7,1190.75,86072.47,90213.59,86211.49,89.31,2494.3,3166.37,2584.55
"2025-05-03 00:00:00",96920.7,96922.3,95785.9,95869.9,632.76,86169.96,90821.13,86448.94,83.1,2487.82,3127.05,2693.05
"2025-05-04 00:00:00",95869.9,96298.0,94153.2,94303.1,754.04,86250.88,91309.76,86648.34,75.75,2548.04,2935.63,2741.57
"2025-05-05 00:00:00",94303.1,95173.9,93570.1,94727.0,1059.29,86335.22,91864.43,86890.88,72.8,2424.02,2786.02,2750.46
"2025-05-06 00:00:00",94727.0,96877.8,93398.5,96816.7,1231.57,86439.52,92504.07,87146.91,63.98,2187.69,2803.75,2761.12
"2025-05-07 00:00:00",96816.7,97650.0,95824.0,97031.4,1362.56,86544.91,93110.14,87433.43,64.01,2126.29,2802.82,2769.46
"2025-05-08 00:00:00",97031.4,104082.5,96874.9,103228.0,2992.17,86710.91,94047.92,87760.4,75.85,2477.61,3264.46,2868.46
"2025-05-09 00:00:00",103228.0,104319.1,102344.7,102976.9,1329.72,86872.76,94940.69,88136.37,73.76,2408.81,3568.91,3008.55
"2025-05-10 00:00:00",102977.0,104943.7,102833.3,104800.0,696.03,87051.14,95923.19,88551.68,76.46,2467.98,3912.21,3189.28
"2025-05-11 00:00:00",104799.9,104919.7,103326.8,104119.0,779.51,87220.97,96754.11,88958.06,77.13,2458.4,4082.26,3367.88
"2025-05-12 00:00:00",104119.0,105728.8,100772.6,102825.0,1868.94,87376.23,97221.76,89293.03,70.49,2619.56,4065.75,3507.45
"2025-05-13 00:00:00",102825.1,104980.0,101525.1,104156.7,1104.39,87543.2,97745.75,89626.06,75.09,2747.79,4112.71,3628.5
"2025-05-14 00:00:00",104156.8,104280.1,102591.5,103589.7,1023.74,87702.87,98225.24,89948.69,73.22,2709.51,4057.4,3714.28
"2025-05-15 00:00:00",103589.7,104123.0,101441.6,103761.7,982.21,87862.66,98677.46,90285.95,70.13,2668.21,3981.56,3767.74
"2025-05-16 00:00:00",103761.7,104500.0,103130.0,103500.1,933.96,88018.25,99119.3,90611.75,68.35,2659.05,3855.89,3785.37
"2025-05-17 00:00:00",103500.1,103697.1,102690.0,103169.1,407.46,88169.01,99586.9,90987.65,71.21,2649.81,3687.08,3765.71
"2025-05-18 00:00:00",103169.1,106631.8,103148.2,106525.6,1948.96,88351.66,100163.27,91465.89,82.17,2745.44,3780.57,3768.68
"2025-05-19 00:00:00",106525.6,107042.1,102100.0,105637.7,2055.77,88523.66,100731.68,91932.14,78.04,2983.89,3739.9,3762.92
"2025-05-20 00:00:00",105637.7,107262.6,104269.0,106855.6,1713.73,88706.07,101364.19,92418.79,77.01,2949.2,3762.57,3762.85
"2025-05-21 00:00:00",106855.6,110698.0,106155.0,109675.1,3333.81,88914.72,102024.45,92908.27,79.83,3143.27,3962.37,3802.76
"2025-05-22 00:00:00",109675.1,111983.2,109287.2,111711.1,2139.0,89141.55,102763.97,93492.33,74.91,2821.01,4236.17,3889.44
"2025-05-23 00:00:00",111711.1,111785.3,106824.0,107333.5,2574.58,89322.56,103337.15,93976.34,60.3,3034.36,4053.19,3922.19
"2025-05-24 00:00:00",107333.5,109503.4,106905.8,107824.2,519.32,89506.66,104013.2,94456.01,57.63,3069.16,3902.8,3918.31
"2025-05-25 00:00:00",107824.2,109300.5,106672.9,109040.4,625.52,89701.02,104728.88,94966.64,62.09,3143.07,3837.5,3902.15
"2025-05-26 00:00:00",109040.4,110352.0,108780.0,109468.6,988.87,89897.71,105361.47,95588.74,67.04,2901.34,3776.78,3877.07
"2025-05-27 00:00:00",109468.6,110742.6,107600.0,109004.9,1023.08,90087.84,105960.14,96186.24,63.01,2879.04,3649.17,3831.49
"2025-05-28 00:00:00",109004.9,109250.0,106805.1,107811.7,958.89,90264.19,106189.33,96816.94,60.97,2933.06,3412.42,3747.68
"2025-05-29 00:00:00",107811.7,108888.0,105348.4,105632.4,1219.05,90417.11,106322.11,97278.46,54.4,2994.36,3014.2,3600.98
"2025-05-30 00:00:00",105632.5,106333.8,103641.3,104019.7,1368.35,90552.46,106283.09,97767.82,51.15,3088.82,2539.2,3388.63
"2025-05-31 00:00:00",104019.7,104933.2,103169.0,104662.0,513.91,90692.85,106310.24,98192.65,53.26,3142.9,2189.35,3148.77
"2025-06-01 00:00:00",104662.0,105879.7,103850.0,105712.4,576.91,90842.3,106454.61,98601.22,48.03,3039.05,1974.1,2913.84
"2025-06-02 00:00:00",105712.4,105927.2,103737.7,105920.3,948.96,90992.33,106542.79,99045.25,50.71,2842.44,1799.54,2690.98
"2025-06-03 00:00:00",105920.4,106820.0,104984.1,105446.0,774.52,91136.15,106635.61,99463.55,46.33,2759.74,1604.43,2473.67
"2025-06-04 00:00:00",105446.0,106000.0,104279.0,104745.4,613.15,91271.56,106684.79,99885.79,35.56,2558.17,1377.4,2254.42
"2025-06-05 00:00:00",104745.4,105948.1,100400.0,101579.7,1744.4,91374.13,106588.77,100236.91,22.17,2761.89,931.3,1989.79
"2025-06-06 00:00:00",101579.7,105360.1,101211.5,104376.0,877.21,91503.5,106649.11,100626.23,41.1,2703.84,794.24,1750.68
"2025-06-07 00:00:00",104376.0,105929.0,104000.1,105654.5,492.01,91644.31,106605.56,101049.87,43.77,2656.08,779.79,1556.5
"2025-06-08 00:00:00",105654.6,106477.0,105082.3,105754.2,568.51,91784.71,106611.39,101462.52,39.92,2568.01,767.54,1398.71
"2025-06-09 00:00:00",105754.2,110550.0,105392.3,110280.0,1264.78,91968.74,106782.61,101965.12,51.99,2824.14,1110.23,1341.01
"2025-06-10 00:00:00",110280.0,110373.0,108342.2,110273.6,1180.07,92150.88,106812.53,102420.58,53.18,2744.72,1365.55,1345.92
"2025-06-11 00:00:00",110273.6,110411.0,108139.5,108702.0,810.07,92315.57,106662.07,102725.18,52.19,2732.34,1424.66,1361.67
"2025-06-12 00:00:00",108701.9,108790.2,105760.0,105760.1,1512.15,92449.34,106583.4,102966.84,50.3,2695.95,1220.05,1333.35
"2025-06-13 00:00:00",105760.1,106137.5,102812.3,106122.3,2109.12,92585.39,106498.31,103209.29,55.3,2741.14,1074.74,1281.62
"2025-06-14 00:00:00",106122.3,106172.3,104400.0,105479.4,392.68,92713.69,106320.26,103424.54,52.06,2741.72,897.35,1204.77
"2025-06-15 00:00:00",105479.4,106090.0,104529.0,105581.4,334.89,92841.73,106125.9,103642.9,49.65,2708.24,756.29,1115.07
"2025-06-16 00:00:00",105581.5,108924.6,105019.3,106800.1,1209.96,92980.62,106015.66,103902.56,52.21,2830.8,734.37,1038.93
"2025-06-17 00:00:00",106800.1,107725.1,103400.0,104622.4,1348.24,93096.46,105856.19,104095.04,48.09,3008.6,535.1,938.17
"2025-06-18 00:00:00",104622.5,105529.9,103567.6,104892.0,808.41,93213.82,105819.18,104307.49,50.35,3025.84,394.39,829.41
"2025-06-19 00:00:00",104891.9,105226.5,103931.6,104675.2,1124.9,93327.87,105851.95,104516.89,58.5,2722.04,262.36,716.0
"2025-06-20 00:00:00",104675.2,106470.0,102388.9,103292.0,1051.85,93427.01,105783.45,104653.33,46.77,2717.21,45.59,581.92
"2025-06-21 00:00:00",103300.0,103995.5,100933.5,102144.0,938.91,93513.75,105605.03,104757.8,39.47,2798.15,-216.35,422.27
"2025-06-22 00:00:00",102153.0,103380.5,98277.2,100987.9,2331.3,93588.12,105358.41,104860.16,36.55,3063.05,-511.33,235.55
"2025-06-23 00:00:00",100987.9,106022.4,99700.0,105382.0,2634.95,93705.47,105355.21,105081.73,36.08,3146.24,-386.08,111.22
"2025-06-24 00:00:00",105382.1,106309.1,104777.0,106100.0,1570.51,93828.8,105422.94,105309.19,38.6,3110.62,-226.28,43.72
"2025-06-25 00:00:00",106100.0,108165.5,105888.2,107360.0,1754.37,93963.44,105711.96,105520.06,46.27,3111.04,2.01,35.38
"2025-06-26 00:00:00",107360.0,108289.0,106677.4,106945.0,853.72,94092.61,105840.4,105718.33,53.83,3009.71,147.75,57.85
"2025-06-27 00:00:00",106945.1,107712.1,106477.2,107115.4,641.64,94222.19,105913.45,105796.08,53.25,2860.4,273.84,101.05
"2025-06-28 00:00:00",107115.4,107544.2,106918.4,107325.1,426.13,94352.57,105991.99,105883.04,56.22,2778.51,386.23,158.09
"2025-06-29 00:00:00",107325.1,108460.7,107228.2,108387.2,500.31,94492.21,105897.36,105954.79,58.88,2755.04,554.61,237.39
"2025-06-30 00:00:00",108387.3,108792.0,106800.0,107120.3,1284.9,94617.87,105739.69,106014.81,51.01,2618.38,579.15,305.74
"2025-07-01 00:00:00",107120.3,107540.2,105312.0,105700.1,1563.01,94728.14,105589.6,106072.32,53.57,2468.6,478.49,340.29
"2025-07-02 00:00:00",105700.1,109794.7,105116.4,108846.9,1536.07,94868.62,105743.94,106166.12,61.01,2662.6,645.19,401.27
"2025-07-03 00:00:00",108846.9,110547.2,108600.0,109631.0,1217.21,95015.51,105919.37,106286.95,63.37,2709.19,831.0,487.22
"2025-07-04 00:00:00",109631.0,109746.6,107299.9,108018.9,767.0,95144.9,106046.35,106372.09,62.6,2592.45,838.5,557.47
"2025-07-05 00:00:00",108018.9,108379.0,107829.7,108249.5,162.63,95275.29,106179.75,106467.08,67.11,2412.97,853.22,616.62
"2025-07-06 00:00:00",108249.5,109650.0,107825.2,109223.2,429.84,95414.08,106300.9,106588.16,73.31,2178.79,932.7,679.84
"2025-07-07 00:00:00",109223.2,109700.0,107520.3,108282.1,700.49,95542.12,106483.89,106623.29,60.2,1882.89,909.27,725.73
"2025-07-08 00:00:00",108282.1,109199.3,107500.0,108931.9,644.78,95675.35,106685.89,106689.17,60.01,1894.83,932.39,767.06
"2025-07-09 00:00:00",108932.0,112000.0,108375.3,111323.7,1496.23,95831.05,107018.31,106778.54,62.98,1991.07,1130.68,839.78
"2025-07-10 00:00:00",111323.7,116800.0,110600.0,115990.2,2132.22,96031.64,107653.22,106904.84,73.16,2318.81,1645.4,1000.91
"2025-07-11 00:00:00",115990.2,118818.4,115212.5,117532.6,1812.51,96245.58,108422.65,107021.27,74.92,2488.17,2152.96,1231.32
"2025-07-12 00:00:00",117532.6,118235.6,116977.1,117461.0,511.22,96456.68,109246.31,107223.82,74.41,2533.36,2520.38,1489.13
"2025-07-13 00:00:00",117461.0,119499.0,117277.3,119102.1,881.15,96682.01,109932.31,107449.38,75.11,2604.02,2910.43,1773.39
"2025-07-14 00:00:00",119102.2,123140.0,118961.2,119855.0,2308.79,96912.59,110620.06,107665.67,80.58,2760.22,3242.92,2067.29
"2025-07-15 00:00:00",119855.0,119900.0,115712.2,117741.0,2166.69,97119.83,111139.11,107831.12,77.98,2900.19,3297.82,2313.4
"2025-07-16 00:00:00",117741.0,120049.5,117094.0,118712.6,1159.58,97334.69,111727.49,108025.27,75.5,2777.14,3380.76,2526.87
"2025-07-17 00:00:00",118712.6,120999.6,117527.0,119321.0,1135.02,97553.46,112337.77,108255.46,75.28,2886.09,3455.75,2712.65
"2025-07-18 00:00:00",119321.0,120833.7,116929.6,118011.9,1203.99,97757.02,112872.11,108503.05,76.49,2990.19,3370.69,2844.26
"2025-07-19 00:00:00",118011.9,118550.0,117382.5,117909.1,310.78,97957.54,113348.21,108780.83,75.78,3034.35,3257.44,2926.89
"2025-07-20 00:00:00",117909.1,118867.0,116600.0,117319.1,583.19,98150.19,113858.14,109033.98,72.06,3065.94,3084.51,2958.42
"2025-07-21 00:00:00",117319.0,119630.4,116623.7,117461.0,1065.22,98342.34,114446.19,109268.95,76.14,3125.01,2925.2,2951.77
"2025-07-22 00:00:00",117461.0,120237.5,116260.0,119977.5,1256.61,98557.62,115002.72,109550.09,78.44,3287.74,2967.8,2954.98
"2025-07-23 00:00:00",119977.5,120100.0,117411.0,118735.3,1088.9,98758.39,115457.93,109815.88,70.28,3220.9,2868.26,2937.64
"2025-07-24 00:00:00",118735.3,119489.8,117316.0,118386.9,947.0,98953.7,115976.34,110088.71,58.59,2933.31,2729.79,2896.07
"2025-07-25 00:00:00",118387.5,118452.0,114733.1,117628.1,1610.09,99139.51,116445.26,110409.68,50.36,2941.39,2529.66,2822.79
"2025-07-26 00:00:00",117628.1,118276.6,117197.6,117937.5,458.69,99326.56,116880.98,110680.91,51.78,2928.56,2368.72,2731.97
"2025-07-27 00:00:00",117937.6,119793.4,117863.8,119455.0,543.23,99526.84,117439.63,110956.92,51.33,2907.7,2336.69,2652.92
"2025-07-28 00:00:00",119455.1,119779.9,117425.9,117979.7,842.49,99710.45,117892.01,111201.43,43.31,2777.36,2167.28,2555.79
"2025-07-29 00:00:00",117979.7,119200.0,117000.0,117923.0,892.95,99891.67,118221.98,111354.29,50.76,2635.37,2005.32,2445.7
"2025-07-30 00:00:00",117916.9,118749.4,115800.0,117820.7,1013.25,100070.07,118313.51,111505.23,45.97,2634.94,1847.42,2326.04
"2025-07-31 00:00:00",117820.7,118918.9,115500.0,115762.3,1086.56,100226.21,118224.99,111646.43,35.8,2631.1,1538.46,2168.52
"2025-08-01 00:00:00",115762.4,116000.0,112688.1,113290.2,1962.11,100356.2,118016.45,111797.04,32.76,2588.8,1081.65,1951.15
"2025-08-02 00:00:00",113290.1,114008.2,112000.0,112525.2,897.37,100477.28,117687.61,111925.09,31.25,2648.85,650.41,1691.0
"2025-08-03 00:00:00",112525.2,114742.9,111897.1,114224.1,584.6,100614.07,117406.06,112099.99,39.99,2690.19,440.65,1440.93
"2025-08-04 00:00:00",114224.1,115700.0,114137.1,115092.1,916.36,100758.13,117273.62,112290.2,42.68,2587.06,340.53,1220.85
"2025-08-05 00:00:00",115092.1,115092.1,112629.7,114115.0,839.84,100891.03,117043.74,112436.5,29.99,2478.84,180.26,1012.73
"2025-08-06 00:00:00",114115.0,115713.6,113400.0,115010.0,745.23,101031.52,116828.19,112644.25,36.98,2452.03,124.03,834.99
"2025-08-07 00:00:00",115010.0,117643.3,114280.0,117498.1,968.97,101195.37,116802.5,112896.37,47.3,2536.99,277.05,723.4
"2025-08-08 00:00:00",117498.1,117663.0,115946.0,116676.0,639.05,101349.4,116740.84,113136.39,47.12,2394.0,328.2,644.36
"2025-08-09 00:00:00",116676.0,117869.4,116282.1,116467.4,698.46,101499.83,116698.26,113399.9,45.52,2430.31,347.89,585.07
"2025-08-10 00:00:00",116467.4,119288.4,116467.3,119288.4,1143.04,101676.83,116789.63,113742.79,49.53,2493.99,584.39,584.93
"2025-08-11 00:00:00",119288.4,122273.5,118100.0,118724.5,2083.45,101846.46,116726.98,114097.52,52.22,2623.95,718.04,611.55
"2025-08-12 00:00:00",118724.5,120303.2,118255.0,120172.0,1114.88,102028.8,116798.81,114393.32,56.18,2613.11,930.04,675.25
"2025-08-13 00:00:00",120172.1,123724.7,118918.3,123354.3,2664.42,102241.0,117047.18,114738.4,63.01,2745.75,1339.39,808.08
"2025-08-14 00:00:00",123354.3,124420.0,117250.0,118383.1,3457.59,102401.62,117084.93,114958.87,55.42,3013.69,1248.29,896.12
"2025-08-15 00:00:00",118383.1,119312.7,116560.9,117426.7,1280.99,102551.12,117059.39,115168.5,59.13,2973.68,1086.39,934.17
"2025-08-16 00:00:00",117426.7,117947.4,117284.0,117487.5,325.53,102699.74,116961.02,115375.94,61.3,2877.62,952.01,937.74
"2025-08-17 00:00:00",117487.5,118550.2,117295.3,117441.3,441.38,102846.42,116934.1,115578.27,57.92,2763.99,832.2,916.63
"2025-08-18 00:00:00",117441.3,117593.3,114715.9,116260.0,1270.68,102979.89,116850.94,115735.72,52.83,2857.88,634.61,860.23
"2025-08-19 00:00:00",116259.9,116766.0,112750.0,112830.3,1574.02,103077.9,116601.43,115849.92,47.22,2968.85,198.98,727.98
"2025-08-20 00:00:00",112830.4,114612.1,112400.0,114262.7,1251.43,103189.2,116526.44,116021.17,48.42,2961.6,-30.33,576.32
"2025-08-21 00:00:00",114273.8,114738.6,112036.0,112462.5,767.14,103281.47,116485.06,116093.49,39.02,2914.41,-353.25,390.4
"2025-08-22 00:00:00",112475.0,117354.0,111676.0,116817.9,1700.59,103416.16,116699.69,116237.22,50.27,3197.34,-254.79,261.36
"2025-08-23 00:00:00",116817.9,116975.0,114551.1,115344.1,684.74,103534.84,116755.69,116383.73,47.97,3257.09,-292.31,150.63
"2025-08-24 00:00:00",115344.1,115530.9,110692.2,113456.1,1245.13,103633.56,116673.89,116487.86,39.11,3401.21,-468.98,26.71
"2025-08-25 00:00:00",113456.1,113619.8,109304.8,110144.9,2518.48,103698.35,116475.39,116506.29,35.48,3411.31,-866.2,-151.87
"2025-08-26 00:00:00",110145.0,112395.6,108734.6,111829.3,1340.09,103779.26,116316.36,116577.24,35.99,3526.51,-1033.17,-328.13
"2025-08-27 00:00:00",111829.3,112603.4,110434.3,111268.6,1107.08,103853.78,116004.88,116623.97,27.74,3338.14,-1196.94,-501.89
"2025-08-28 00:00:00",111268.6,113457.9,110902.6,112563.7,1322.36,103940.44,115799.26,116648.77,37.61,3008.51,-1208.29,-643.17
"2025-08-29 00:00:00",112563.7,112570.0,107505.0,108400.1,1709.81,103984.82,115395.9,116496.97,33.09,3173.74,-1535.56,-821.65
"2025-08-30 00:00:00",108400.1,108926.8,107352.6,108750.0,819.57,104032.23,114868.98,116321.32,33.8,3238.8,-1746.56,-1006.63
"2025-08-31 00:00:00",108750.0,109490.8,108113.5,108250.0,668.72,104074.2,114345.26,116137.1,33.24,3247.54,-1931.85,-1191.68
"2025-09-01 00:00:00",108250.1,109813.2,107255.0,109263.5,1327.31,104125.84,113799.83,115940.33,37.17,3224.74,-1974.16,-1348.17
"2025-09-02 00:00:00",109258.5,111737.8,108457.0,111196.9,1796.74,104196.2,113191.96,115767.16,46.83,3172.23,-1830.57,-1444.65
"2025-09-03 00:00:00",111196.9,112537.6,110600.0,111771.1,1459.84,104271.57,112861.36,115647.77,45.0,3152.62,-1651.41,-1486.0
"2025-09-04 00:00:00",111771.1,112193.7,109369.8,110744.3,1058.27,104335.97,112527.24,115488.4,46.44,3161.29,-1574.14,-1503.63
"2025-09-05 00:00:00",110744.4,113372.1,110231.4,110647.8,1534.29,104398.78,112185.26,115314.94,34.47,2980.05,-1503.35,-1503.58
"2025-09-06 00:00:00",110647.8,111243.0,110036.7,110254.9,278.57,104457.05,111825.94,115159.8,36.46,2893.08,-1462.1,-1495.28
"2025-09-07 00:00:00",110254.9,111526.8,110239.0,111152.8,343.95,104523.67,111570.57,115024.67,43.53,2639.44,-1341.5,-1464.52
"2025-09-08 00:00:00",111152.8,112864.4,110667.7,112050.1,896.75,104598.56,111531.56,114919.29,56.19,2488.14,-1160.14,-1403.65
"2025-09-09 00:00:00",112050.1,113200.0,110815.3,111541.0,1503.08,104667.64,111395.48,114800.89,48.99,2396.97,-1045.44,-1332.01
"2025-09-10 00:00:00",111541.0,114300.0,110934.0,113952.8,2308.6,104760.03,111469.99,114680.4,58.36,2482.46,-751.27,-1215.86
"2025-09-11 00:00:00",113952.8,115500.0,113400.0,115500.0,1617.0,104866.9,111404.1,114615.69,59.0,2449.94,-388.8,-1050.45
"2025-09-12 00:00:00",115500.0,116743.3,114813.3,116111.7,1729.63,104978.78,111442.48,114570.19,80.21,2226.01,-51.6,-850.68
"2025-09-13 00:00:00",116111.7,116350.8,115251.1,115949.1,764.36,105087.94,111567.13,114536.61,78.62,2192.12,200.22,-640.5
"2025-09-14 00:00:00",115949.1,116149.9,115238.9,115390.6,527.97,105190.46,111829.42,114485.67,78.26,2158.81,350.67,-442.26
"2025-09-15 00:00:00",115390.6,116700.0,114158.2,115374.9,1347.05,105291.79,112006.69,114404.07,76.26,2157.64,463.3,-261.15
"2025-09-16 00:00:00",115375.0,116961.3,114800.0,116764.2,1041.16,105405.95,112281.48,114379.76,75.1,2077.68,657.09,-77.5
"2025-09-17 00:00:00",116764.2,117291.9,114799.9,116469.0,1663.6,105516.03,112476.74,114350.68,71.72,2117.28,777.88,93.57
"2025-09-18 00:00:00",116469.1,117920.0,116201.1,117135.7,1527.82,105631.65,112913.52,114336.98,80.57,2038.35,916.83,258.22
"2025-09-19 00:00:00",117135.8,117441.2,115180.4,115677.2,731.02,105731.6,113259.88,114335.27,71.29,1975.5,898.91,386.36
"2025-09-20 00:00:00",115677.2,116176.8,115511.0,115739.1,198.74,105831.18,113634.33,114384.25,73.88,1936.89,879.56,485.0
"2025-09-21 00:00:00",115739.1,115874.6,115259.4,115298.9,339.57,105925.38,113936.11,114439.73,68.8,1888.85,819.26,551.85
"2025-09-22 00:00:00",115299.0,115410.0,111730.3,112747.8,1845.89,105993.27,114013.65,114410.2,52.75,1994.78,559.17,553.32
"2025-09-23 00:00:00",112747.8,113318.9,111557.0,112001.5,1221.75,106053.05,114025.17,114348.39,51.78,1950.29,289.49,500.55
"2025-09-24 00:00:00",112001.5,113954.3,111111.0,113300.0,1184.72,106125.16,114152.96,114332.09,47.23,1912.96,178.49,436.14
"2025-09-25 00:00:00",113300.0,113500.0,108680.5,109049.8,2101.94,106154.26,114073.05,114212.88,27.77,2107.21,-249.56,299.0
"2025-09-26 00:00:00",109049.8,110354.8,108677.5,109706.3,1454.36,106189.61,114045.63,114057.05,27.99,2089.16,-529.71,133.26
"2025-09-27 00:00:00",109706.4,109760.5,109177.6,109720.5,210.26,106224.74,113974.01,113917.94,28.38,2052.24,-742.03,-41.8
"2025-09-28 00:00:00",109720.5,112367.8,109225.4,112127.8,610.65,106283.48,113977.89,113831.15,39.96,2211.63,-707.89,-175.02
"2025-09-29 00:00:00",112127.8,114413.4,111628.0,114365.2,994.12,106363.89,114119.11,113732.68,47.27,2229.03,-494.59,-238.93
"2025-09-30 00:00:00",114365.3,114798.0,112764.3,113995.0,1135.45,106439.82,114121.22,113638.09,42.07,2219.91,-351.37,-261.42
"2025-10-01 00:00:00",113995.0,118708.6,113971.1,118599.9,1533.22,106560.82,114276.21,113606.65,54.9,2380.31,132.19,-182.7
"2025-10-02 00:00:00",118600.0,121008.9,118344.4,120649.9,1979.77,106701.01,114503.12,113552.56,57.59,2447.85,673.07,-11.54
"2025-10-03 00:00:00",120650.0,123930.9,119350.0,122259.5,2007.83,106855.82,114818.64,113630.09,64.13,2613.57,1217.56,234.28
"2025-10-04 00:00:00",122259.5,122843.7,121620.0,122426.4,641.28,107010.75,115170.43,113730.08,64.29,2653.42,1643.6,516.14
"2025-10-05 00:00:00",122426.4,125670.0,122250.0,123542.1,1545.19,107175.24,115578.79,113851.18,67.12,2853.76,2047.67,822.45
"2025-10-06 00:00:00",123542.1,126198.1,123144.1,124766.5,2341.32,107350.28,115978.9,113997.68,76.41,2809.07,2438.58,1145.67
"2025-10-07 00:00:00",124765.9,125207.2,120694.6,121419.8,2070.45,107490.27,116226.45,114100.88,68.57,3005.55,2450.08,1406.55
"2025-10-08 00:00:00",121419.8,124150.0,121104.2,123329.7,1020.42,107647.88,116536.14,114310.86,69.31,3020.01,2583.53,1641.95
"2025-10-09 00:00:00",123329.8,123750.9,119750.0,121699.0,1924.9,107787.69,116837.23,114459.59,77.09,2961.54,2528.56,1819.27
"2025-10-10 00:00:00",121699.0,122498.0,100000.0,113000.1,5796.16,107839.56,116700.29,114470.34,55.25,4448.74,1762.75,1807.97
"2025-10-11 00:00:00",113000.0,113423.0,109760.0,110775.1,2186.21,107868.77,116474.1,114349.49,51.57,4668.74,965.17,1639.41
"2025-10-12 00:00:00",110775.2,115780.0,109694.9,115125.3,1868.03,107940.97,116592.97,114345.11,54.22,4878.94,676.31,1446.79
"2025-10-13 00:00:00",115125.3,115977.7,113705.8,115165.5,1579.52,108012.86,116751.17,114379.3,51.2,4842.26,445.5,1246.53
"2025-10-14 00:00:00",115176.9,115457.2,110000.0,113106.2,2781.93,108063.54,116741.48,114438.52,48.73,5086.79,95.31,1016.29
"2025-10-15 00:00:00",113106.3,113600.0,110252.0,110781.9,1561.98,108090.59,116828.09,114417.58,38.06,4987.54,-365.55,739.92
"2025-10-16 00:00:00",110781.9,111950.0,107483.0,108182.3,2981.43,108091.5,116751.88,114355.85,31.28,5116.29,-929.84,405.97
"2025-10-17 00:00:00",108182.3,109245.0,103583.2,106451.0,3500.65,108075.17,116588.41,114233.6,26.35,5193.5,-1499.45,24.88
"2025-10-18 00:00:00",106451.0,107492.6,106365.2,107199.0,667.21,108066.46,116341.97,114209.57,27.61,5186.62,-1868.98,-353.89
"2025-10-19 00:00:00",107199.0,109444.0,106125.2,108669.8,1094.25,108072.46,116057.2,114207.97,28.36,5179.39,-2019.86,-687.08
"2025-10-20 00:00:00",108669.8,111700.1,107466.8,110574.4,2444.94,108097.35,115886.17,114254.46,29.75,5263.63,-1963.13,-942.29
"2025-10-21 00:00:00",110574.4,114000.0,107500.0,108406.1,2574.39,108100.43,115376.48,114237.31,30.78,5405.59,-2069.27,-1167.69
"2025-10-22 00:00:00",108406.1,109156.4,106717.0,107644.1,2289.04,108095.89,114726.19,114166.25,26.03,5362.27,-2189.64,-1372.08
"2025-10-23 00:00:00",107644.1,111296.0,107556.3,110080.0,1567.7,108115.63,114117.22,114132.43,32.67,5343.61,-2064.68,-1510.6
"2025-10-24 00:00:00",110080.0,112400.0,109757.8,111000.0,1671.41,108144.33,113545.9,114137.55,46.11,3925.34,-1869.85,-1582.45
"2025-10-25 00:00:00",111000.0,111925.9,110700.0,111645.2,592.61,108179.16,112951.05,114157.49,51.8,3751.26,-1644.43,-1594.84
"2025-10-26 00:00:00",111645.2,115400.0,111274.3,114509.9,1123.2,108242.16,112438.22,114242.59,48.64,3611.31,-1220.56,-1519.99
"2025-10-27 00:00:00",114510.0,116309.8,113801.4,114153.0,1240.02,108300.97,112074.88,114302.6,47.8,3628.2,-903.02,-1396.59
"2025-10-28 00:00:00",114153.1,116023.4,112278.2,112918.0,1429.37,108346.91,111554.29,114319.96,49.58,3505.91,-742.47,-1265.77
"2025-10-29 00:00:00",112918.0,113601.0,109251.0,110104.2,2290.15,108364.4,110974.56,114291.22,48.5,3577.49,-832.68,-1179.15
"2025-10-30 00:00:00",110104.2,111561.5,106280.5,108302.7,2746.36,108363.78,110739.69,114178.22,50.28,3635.63,-1037.58,-1150.84
"2025-10-31 00:00:00",108302.7,111000.0,108302.6,109552.7,1397.86,108375.61,110678.56,114059.27,57.25,3423.89,-1086.58,-1137.99
"2025-11-01 00:00:00",109552.7,110421.0,109370.0,110018.0,493.04,108391.95,110423.2,113937.4,56.68,3418.43,-1075.46,-1125.48
"2025-11-02 00:00:00",110018.0,111058.9,109428.7,110589.6,1606.34,108413.82,110194.4,113830.21,54.75,3297.81,-1008.9,-1102.16
"2025-11-03 00:00:00",110589.6,110699.6,105200.2,106538.3,3041.49,108395.16,109866.01,113653.16,40.97,3388.25,-1268.43,-1135.42
"2025-11-04 00:00:00",106538.3,107258.7,98900.0,101537.3,4042.68,108326.92,109403.78,113376.41,36.36,3521.01,-1856.26,-1279.59
"2025-11-05 00:00:00",101537.2,104499.9,98943.9,103900.0,2345.09,108282.87,109189.66,113119.13,43.01,3743.63,-2107.17,-1445.1
"2025-11-06 00:00:00",103900.0,104115.9,100266.0,101290.1,1620.67,108213.29,108931.62,112815.55,33.69,3751.5,-2487.94,-1653.67
"2025-11-07 00:00:00",101290.1,102438.4,99222.0,101011.7,1991.93,108141.64,108622.26,112493.07,31.02,3792.51,-2780.12,-1878.96
